country,country_long,name,gppd_idnr,capacity_mw,latitude,longitude,primary_fuel,estimated_generation_gwh_2017,estimated_generation_note_2017
AFG,Afghanistan,Kajaki Hydroelectric Power Plant Afghanistan,GEODB0040538,33,32.322,65.119,Hydro,119.5,HYDRO-V1
AFG,Afghanistan,Kandahar DOG,WKS0070144,10,31.67,65.795,Solar,18.29,SOLAR-V1-NO-AGE
AFG,Afghanistan,Kandahar JOL,WKS0071196,10,31.623,65.792,Solar,18.72,SOLAR-V1-NO-AGE
AFG,Afghanistan,Mahipar Hydroelectric Power Plant Afghanistan,GEODB0040541,66,34.556,69.4787,Hydro,174.91,HYDRO-V1
AFG,Afghanistan,Naghlu Dam Hydroelectric Power Plant Afghanistan,GEODB0040534,100,34.641,69.717,Hydro,350.8,HYDRO-V1
AFG,Afghanistan,Nangarhar (Darunta) Hydroelectric Power Plant Afghanistan,GEODB0040536,11.55,34.4847,70.3633,Hydro,46.12,HYDRO-V1
AFG,Afghanistan,Northwest Kabul Power Plant Afghanistan,GEODB0040540,42,34.5638,69.1134,Gas,0,NO-ESTIMATION
AFG,Afghanistan,Pul-e-Khumri Hydroelectric Power Plant Afghanistan,GEODB0040537,6,35.9416,68.71,Hydro,19.74,HYDRO-V1
AFG,Afghanistan,Sarobi Dam Hydroelectric Power Plant Afghanistan,GEODB0040535,22,34.5865,69.7757,Hydro,80,HYDRO-V1
ALB,Albania,Bistrica 1,WRI1002169,27,39.9116,20.1047,Hydro,88.45,HYDRO-V1
ALB,Albania,Fierza,WRI1002170,500,42.2514,20.0431,Hydro,1648.24,HYDRO-V1
ALB,Albania,Koman,WRI1002171,600,42.1033,19.8224,Hydro,1982.72,HYDRO-V1
ALB,Albania,Lanabregas,WRI1002172,5,41.3428,19.8964,Hydro,15.23,HYDRO-V1
ALB,Albania,Shkopet,WRI1002173,24,41.6796,19.8305,Hydro,83.57,HYDRO-V1
ALB,Albania,Ulez,WRI1002174,25,41.6796,19.8936,Hydro,87.06,HYDRO-V1
ALB,Albania,Vau i Dijes,WRI1002175,250,42.0137,19.6359,Hydro,703.64,HYDRO-V1
ALB,Albania,Vlora,WRI1002176,98,40.4874,19.434,Other,0,NO-ESTIMATION
DZA,Algeria,Adrar,WKS0068905,20,27.908,-0.317,Solar,35.17,SOLAR-V1-NO-AGE
DZA,Algeria,Ain Azel,WKS0065285,20,35.88,5.475,Solar,38.75,SOLAR-V1-NO-AGE
DZA,Algeria,Ain Djasser,WRI1023776,520,35.8665,6.0262,Gas,2171.28,CAPACITY-FACTOR-V1
DZA,Algeria,Ain Sekhouna,WKS0068919,20,34.532,0.804,Solar,35.46,SOLAR-V1-NO-AGE
DZA,Algeria,Ain el Ibel I,WKS0068916,20,34.346,3.164,Solar,34.81,SOLAR-V1-NO-AGE
DZA,Algeria,Ain el Ibel II,WKS0073479,53,34.342,3.169,Solar,85.55,SOLAR-V1-NO-AGE
DZA,Algeria,Ain el Melh,WKS0068915,20,34.861,4.204,Solar,33.75,SOLAR-V1-NO-AGE
DZA,Algeria,Algerie Sud-Ouest,WKS0068912,43.5,27.908,-0.317,Solar,74.02,SOLAR-V1-NO-AGE
DZA,Algeria,Annaba,WRI1023795,71,36.8924,7.7634,Gas,296.46,CAPACITY-FACTOR-V1
DZA,Algeria,Aoulef,WKS0068908,5,26.9989,1.3351,Solar,8.64,SOLAR-V1-NO-AGE
DZA,Algeria,Arbaa,WRI1023777,560,36.5988,3.1375,Gas,2338.3,CAPACITY-FACTOR-V1
DZA,Algeria,Bir Rebaa,WKS0072833,10,31.285,8.565,Solar,16.67,SOLAR-V1-NO-AGE
DZA,Algeria,Boufarik 1,WRI1023792,100,36.5914,2.9223,Gas,417.55,CAPACITY-FACTOR-V1
DZA,Algeria,Boufarik 2,WRI1023793,450,36.596,2.878,Gas,1878.99,CAPACITY-FACTOR-V1
DZA,Algeria,Boutelilis,WRI1023781,450,35.5658,-0.9386,Gas,1878.99,CAPACITY-FACTOR-V1
DZA,Algeria,Chelghoum El Aïd,WKS0065282,15,36.225,6.11,Solar,28.34,SOLAR-V1-NO-AGE
DZA,Algeria,El Kheneg,WKS0068917,60,33.727,2.811,Solar,95.16,SOLAR-V1-NO-AGE
DZA,Algeria,F'Krina,WRI1023785,292,35.7666,7.3619,Gas,1219.25,CAPACITY-FACTOR-V1
DZA,Algeria,HPC Ouargla,WKS0068918,30,32.602,5.834,Solar,48.72,SOLAR-V1-NO-AGE
DZA,Algeria,Hadjret Ennous,WRI1023768,1200,36.5767,2.0797,Gas,5010.64,CAPACITY-FACTOR-V1
DZA,Algeria,Hamma 2,WRI1023783,418,36.7489,3.0823,Gas,1745.37,CAPACITY-FACTOR-V1
DZA,Algeria,Hassi Messaoud Mobile,WRI1023796,72,31.6703,6.0531,Gas,300.63,CAPACITY-FACTOR-V1
DZA,Algeria,Hassi Messoud,WRI1023779,600,31.6703,6.0531,Gas,2505.32,CAPACITY-FACTOR-V1
DZA,Algeria,Hassi Messoud Nord 2,WRI1023790,200,31.7877,6.0517,Gas,835.1,CAPACITY-FACTOR-V1
DZA,Algeria,Hassi Messoud Ouest,WRI1023799,492,31.8065,5.9924,Gas,2054.36,CAPACITY-FACTOR-V1
DZA,Algeria,Hassi R'mel ISCC,WKS0071083,20,33.123,3.356,Solar,34.69,SOLAR-V1-NO-AGE
DZA,Algeria,Hauts Plateaux Centre,WKS0068911,106.6,34.342,3.169,Solar,173.33,SOLAR-V1-NO-AGE
DZA,Algeria,Hauts Plateaux Est,WKS0065280,73.8,35.68,5.9861,Solar,130.11,SOLAR-V1-NO-AGE
DZA,Algeria,Ighil Emda,WRI1023798,24,36.4739,5.2719,Hydro,30.82,HYDRO-V1
DZA,Algeria,In Salah,WKS0068914,5,27.183,2.504,Solar,8.75,SOLAR-V1-NO-AGE
DZA,Algeria,Jijel,WRI1023775,588,36.8139,5.876,Gas,2455.21,CAPACITY-FACTOR-V1
DZA,Algeria,Kahrama IPP,WRI1023784,345,35.8064,-0.2476,Gas,1440.56,CAPACITY-FACTOR-V1
DZA,Algeria,Koudiet Eddraouch,WRI1023769,1200,36.885,8.0778,Gas,5010.64,CAPACITY-FACTOR-V1
DZA,Algeria,Labiodh Sidi Cheikh,WKS0068921,20,32.945,0.555,Solar,33.84,SOLAR-V1-NO-AGE
DZA,Algeria,Labreg,WRI1023815,396,34.5056,6.9848,Gas,1653.51,CAPACITY-FACTOR-V1
DZA,Algeria,Marsat,WRI1023772,840,35.8,-0.1924,Gas,3507.45,CAPACITY-FACTOR-V1
DZA,Algeria,Marsat TG,WRI1023789,184,35.8,-0.1924,Gas,768.29,CAPACITY-FACTOR-V1
DZA,Algeria,Msila 1,WRI1023773,980,35.7071,4.4804,Gas,4092.02,CAPACITY-FACTOR-V1
DZA,Algeria,Naâma,WKS0068920,19.9,33.274,-0.372,Solar,33.31,SOLAR-V1-NO-AGE
DZA,Algeria,Oued El Kebrit,WKS0065281,15,35.919,7.87,Solar,28.38,SOLAR-V1-NO-AGE
DZA,Algeria,Oued el Ma,WKS0065283,20,35.68,5.9861,Solar,37.38,SOLAR-V1-NO-AGE
DZA,Algeria,Ras Djinet,WRI1023774,672,36.8509,3.6983,Gas,2805.96,CAPACITY-FACTOR-V1
DZA,Algeria,Ras el Oued,WKS0065284,20,36.01,5.035,Solar,38.71,SOLAR-V1-NO-AGE
DZA,Algeria,Ravin Blanc,WRI1023791,73,35.7095,-0.6319,Gas,304.81,CAPACITY-FACTOR-V1
DZA,Algeria,Reggane,WKS0068907,5,26.768,0.137,Solar,8.92,SOLAR-V1-NO-AGE
DZA,Algeria,Relizane,WRI1023780,465,35.7835,0.5407,Gas,1941.62,CAPACITY-FACTOR-V1
DZA,Algeria,SKB IPP,WRI1023778,484,36.1399,2.9296,Gas,2020.96,CAPACITY-FACTOR-V1
DZA,Algeria,SKS IPP SNC Lavalin,WRI1023771,815,36.8789,6.9366,Gas,3403.06,CAPACITY-FACTOR-V1
DZA,Algeria,SPP1 Thermal,WRI1023797,150,32.9475,3.238,Gas,626.33,CAPACITY-FACTOR-V1
DZA,Algeria,Skikda,WRI1023786,262,36.88,6.935,Gas,1093.99,CAPACITY-FACTOR-V1
DZA,Algeria,Tamanrasset,WKS0068926,13,22.849,5.45,Solar,30.32,SOLAR-V1-NO-AGE
DZA,Algeria,Terga,WRI1023770,1200,35.4608,-1.2295,Gas,5010.64,CAPACITY-FACTOR-V1
DZA,Algeria,Tiaret,WRI1023782,300,35.3396,1.3562,Gas,1252.66,CAPACITY-FACTOR-V1
DZA,Algeria,Tilghemt 1,WRI1023787,200,33.1319,3.348,Gas,835.1,CAPACITY-FACTOR-V1
DZA,Algeria,Tilghemt 2,WRI1023788,600,33.1377,3.3678,Gas,2505.32,CAPACITY-FACTOR-V1
DZA,Algeria,Timimoun,WKS0068909,9,29.22,0.223,Solar,15.97,SOLAR-V1-NO-AGE
DZA,Algeria,Tindouf,WKS0068925,9,27.752,-8.154,Solar,15.47,SOLAR-V1-NO-AGE
DZA,Algeria,Télagh,WKS0068922,12,34.692,-0.601,Solar,22.83,SOLAR-V1-NO-AGE
DZA,Algeria,Zaouiet Kounta,WKS0068906,6,27.241,-0.174,Solar,10.57,SOLAR-V1-NO-AGE
AGO,Angola,Biopio,WRI1023002,22.8,-12.4706,13.7319,Oil,64.92,CAPACITY-FACTOR-V1
AGO,Angola,Biopio (hydro),WRI1023001,14.6,-12.4706,13.7319,Hydro,48.53,HYDRO-V1
AGO,Angola,Cambambe,WRI1023003,180,-9.7523,14.4809,Hydro,678.19,HYDRO-V1
AGO,Angola,Capanda,WRI1023004,520,-9.7955,15.4672,Hydro,1746.62,HYDRO-V1
AGO,Angola,Cazenga,WRI1023005,132,-8.8383,13.2344,Gas,0,CAPACITY-FACTOR-V1
AGO,Angola,Huambo,WRI1023006,16.26,-12.76,15.75,Oil,46.3,CAPACITY-FACTOR-V1
AGO,Angola,Lobito,WRI1023007,20,-12.37,13.57,Gas,0,CAPACITY-FACTOR-V1
AGO,Angola,Luanda Diesel,WRI1023008,58,-8.8383,13.2344,Oil,165.16,CAPACITY-FACTOR-V1
AGO,Angola,Luanda Refinery,WRI1023009,18.5,-8.8383,13.2344,Oil,52.68,CAPACITY-FACTOR-V1
AGO,Angola,Malongo,WRI1023010,10,-5.55,12.2,Oil,28.47,CAPACITY-FACTOR-V1
AGO,Angola,Matala,WRI1023011,40,-14.7333,15.0333,Hydro,125.42,HYDRO-V1
AGO,Angola,Namibe,WRI1023012,11.68,-15.1961,12.1522,Gas,0,CAPACITY-FACTOR-V1
AGO,Angola,Rio Luachimo,WRI1023013,16,-7.3,20.85,Hydro,66.01,HYDRO-V1
AGO,Angola,Xitoto,WRI1023014,11.34,-15.3333,15,Oil,32.29,CAPACITY-FACTOR-V1
ATA,Antarctica,McMurdo Station Generator,WRI1023843,6.6,-77.847,166.6605,Oil,0,NO-ESTIMATION
ATA,Antarctica,Ross Island,WRI1022458,1,-77.8428,166.7271,Wind,0,NO-ESTIMATION
ARG,Argentina,AGUA DEL CAJON (AUTOGENERADOR DEL MEM),ARG0000231,479.2,-38.9368,-68.3556,Other,0,CAPACITY-FACTOR-V1
ARG,Argentina,AGUA DEL CAJON (GENERADOR DEL MEM),ARG0000232,192,-38.9368,-68.3556,Gas,1075.39,CAPACITY-FACTOR-V1
ARG,Argentina,AGUA DEL TORO,ARG0000210,130,-34.5792,-68.9892,Hydro,289.92,HYDRO-V1
ARG,Argentina,ALICURA,ARG0000230,1050,-40.58,-70.7489,Hydro,2896.84,HYDRO-V1
ARG,Argentina,ALMIRANTE BROWN,ARG0000156,25,-34.8386,-58.4033,Oil,113.26,CAPACITY-FACTOR-V1
ARG,Argentina,ALTO VALLE,ARG0000235,97.5,-38.9524,-68.0218,Gas,546.09,CAPACITY-FACTOR-V1
ARG,Argentina,ALUMINE,ARG0000242,1.904,-39.2145,-70.9157,Oil,8.62,CAPACITY-FACTOR-V1
ARG,Argentina,ALVAREZ CONDARCO,ARG0000194,50.7,-33.0452,-69.0516,Hydro,163.07,HYDRO-V1
ARG,Argentina,ARROYITO,ARG0000254,128,-39.1009,-68.5982,Hydro,413.34,HYDRO-V1
ARG,Argentina,ATUCHA I,ARG0000029,370,-33.967,-59.2059,Nuclear,1303.91,CAPACITY-FACTOR-V1
ARG,Argentina,ATUCHA II,ARG0000030,745,-33.9674,-59.2045,Nuclear,2625.45,CAPACITY-FACTOR-V1
ARG,Argentina,BANDERA,ARG0000328,31,-23.8219,-64.7847,Oil,140.45,CAPACITY-FACTOR-V1
ARG,Argentina,BARILOCHE (PUERTO  MORENO),ARG0000266,5.736,-41.1167,-71.4167,Oil,25.98,CAPACITY-FACTOR-V1
ARG,Argentina,BENJAMIN REOLIN,ARG0000085,38.4,-32.1883,-64.3233,Hydro,104.67,HYDRO-V1
ARG,Argentina,BERNARDO  DE IRIGOYEN,ARG0000220,2.096,-26.2545,-53.6469,Oil,9.49,CAPACITY-FACTOR-V1
ARG,Argentina,C.T. RUFINO,ARG0000310,31.9,-34.2605,-62.7107,Oil,144.52,CAPACITY-FACTOR-V1
ARG,Argentina,C.T. SAN VICENTE,ARG0000159,27.6,-35.0241,-58.4237,Oil,125.04,CAPACITY-FACTOR-V1
ARG,Argentina,CAA CATI,ARG0000116,1.415,-27.7534,-57.6205,Oil,6.41,CAPACITY-FACTOR-V1
ARG,Argentina,CABRA CORRAL,ARG0000275,102,-25.2712,-65.3298,Hydro,409.06,HYDRO-V1
ARG,Argentina,CACHEUTA (NUEVA),ARG0000195,120,-33.0291,-69.1109,Hydro,341.24,HYDRO-V1
ARG,Argentina,CACHI,ARG0000277,1.07,-25.1089,-66.2106,Oil,4.84,CAPACITY-FACTOR-V1
ARG,Argentina,CAFAYATE,ARG0000278,4.182,-26.0715,-65.9876,Oil,18.94,CAPACITY-FACTOR-V1
ARG,Argentina,CAPITAL CATAMARCA - PREDIO CHOYA,ARG0000048,5.728,-28.4537,-65.7841,Oil,25.95,CAPACITY-FACTOR-V1
ARG,Argentina,CAPITAL CATAMARCA - PREDIO EX CARCEL,ARG0000049,7.075,-28.4773,-65.7872,Oil,32.05,CAPACITY-FACTOR-V1
ARG,Argentina,CAPITAL CATAMARCA - PREDIO RIPIERA,ARG0000050,4.675,-28.4684,-65.7797,Oil,21.18,CAPACITY-FACTOR-V1
ARG,Argentina,CASA DE PIEDRA,ARG0000183,60,-38.2143,-67.1908,Hydro,206.48,HYDRO-V1
ARG,Argentina,CASSAFFOUSTH,ARG0000086,17.28,-31.3992,-64.2006,Hydro,43.63,HYDRO-V1
ARG,Argentina,CENTRAL BAHIA BLANCA (PIEDRA BUENA) SA,ARG0000031,620,-38.7872,-62.2536,Coal,3213.44,CAPACITY-FACTOR-V1
ARG,Argentina,CENTRAL LOMA DE LA LATA SA,ARG0000259,540,-38.5127,-68.6048,Gas,3024.54,CAPACITY-FACTOR-V1
ARG,Argentina,CENTRAL PARQUE INDUSTRIAL LA BANDA,ARG0000319,11.228,-38.062,-67.9463,Oil,50.87,CAPACITY-FACTOR-V1
ARG,Argentina,CENTRAL T.GENELBA,ARG0000165,673.6,-34.9027,-58.7334,Gas,3772.84,CAPACITY-FACTOR-V1
ARG,Argentina,CENTRAL T.GENELBA PLUS,ARG0000166,164.55,-34.9027,-58.7334,Gas,921.64,CAPACITY-FACTOR-V1
ARG,Argentina,CENTRAL TERMICA BRIGADIER LOPEZ (ENARSA),ARG0000311,280,-31.7112,-60.7811,Gas,1568.28,CAPACITY-FACTOR-V1
ARG,Argentina,CENTRAL TERMICA DE CICLO COMBINADO SALTA,ARG0000274,643,-24.7456,-65.0513,Gas,3601.45,CAPACITY-FACTOR-V1
ARG,Argentina,CENTRAL TERMICA GÜEMES SA,ARG0000287,361,-24.6894,-65.0425,Coal,1871.05,CAPACITY-FACTOR-V1
ARG,Argentina,CENTRAL TERMICA LA BANDA,ARG0000330,32,-27.7528,-64.2655,Gas,179.23,CAPACITY-FACTOR-V1
ARG,Argentina,CENTRAL TERMICA PIQUIRENDA SA,ARG0000284,30.44,-22.3497,-63.7664,Oil,137.91,CAPACITY-FACTOR-V1
ARG,Argentina,CENTRAL TERMICA REMEDIOS DE ESCALADA,ARG0000155,25,-34.7208,-58.3881,Oil,113.26,CAPACITY-FACTOR-V1
ARG,Argentina,CENTRAL TERMOELECTRICA GUILLERMO BROWN,ARG0000042,524,-34.6268,-58.5438,Gas,2934.93,CAPACITY-FACTOR-V1
ARG,Argentina,CENTRAL TERMOELECTRICA MANUEL BELGRANO,ARG0000043,868.2,-24.6894,-65.0425,Gas,4862.8,CAPACITY-FACTOR-V1
ARG,Argentina,CENTRAL TERMOELECTRICA TIMBUES,ARG0000307,865.14,-32.5778,-60.791,Gas,4845.66,CAPACITY-FACTOR-V1
ARG,Argentina,CH LOS CARACOLES,ARG0000296,121.4,-31.5192,-68.9814,Hydro,339.93,HYDRO-V1
ARG,Argentina,CHILECITO,ARG0000185,5,-29.1578,-67.5069,Oil,22.65,CAPACITY-FACTOR-V1
ARG,Argentina,CHIMBERA 1,ARG0000295,2,-31.9881,-68.5402,Solar,4.26,SOLAR-V1-NO-AGE
ARG,Argentina,CIPOLLETTI,ARG0000267,5.78,-38.9121,-67.9427,Hydro,11.1,HYDRO-V1
ARG,Argentina,COMANDANTE ANDRESITO,ARG0000221,2.372,-25.6669,-54.0419,Oil,10.74,CAPACITY-FACTOR-V1
ARG,Argentina,COMODORO RIVADAVIA,ARG0000072,141.02,-25.9913,-54.6278,Gas,789.85,CAPACITY-FACTOR-V1
ARG,Argentina,COMODORO RIVADAVIA - ANTONIO MORAN,ARG0000067,16.56,-45.8467,-67.4964,Wind,104.06,CAPACITY-FACTOR-V1
ARG,Argentina,CORRIENTES,ARG0000117,1.4,-27.4708,-58.8042,Oil,6.34,CAPACITY-FACTOR-V1
ARG,Argentina,COSTANERA,ARG0000046,1982.2,-34.626,-58.3393,Coal,10273.7,CAPACITY-FACTOR-V1
ARG,Argentina,CRUZ DE PIEDRA,ARG0000197,17.94,-33.0349,-68.7971,Gas,100.48,CAPACITY-FACTOR-V1
ARG,Argentina,CRUZ DEL EJE,ARG0000087,5.052,-30.7636,-64.7538,Oil,22.88,CAPACITY-FACTOR-V1
ARG,Argentina,CT 13 DE JULIO,ARG0000110,26,-32.1613,-64.1537,Gas,145.62,CAPACITY-FACTOR-V1
ARG,Argentina,CT ALEM,ARG0000217,15,-43.0907,-65.2298,Oil,67.95,CAPACITY-FACTOR-V1
ARG,Argentina,CT ALUMINE,ARG0000256,6.3,-38.8706,-70.5753,Oil,28.54,CAPACITY-FACTOR-V1
ARG,Argentina,CT ARISTOBULO DEL VALLE,ARG0000229,15,-27.0922,-54.8625,Oil,67.95,CAPACITY-FACTOR-V1
ARG,Argentina,CT ARRECIFES,ARG0000003,20,-34.0414,-60.1297,Oil,90.61,CAPACITY-FACTOR-V1
ARG,Argentina,CT AÑATUYA,ARG0000333,19.2,-28.4431,-62.8569,Oil,86.98,CAPACITY-FACTOR-V1
ARG,Argentina,CT AÑATUYA II,ARG0000334,11.5,-28.4431,-62.8569,Oil,52.1,CAPACITY-FACTOR-V1
ARG,Argentina,CT BARILOCHE,ARG0000273,20,-41.1497,-71.2633,Oil,90.61,CAPACITY-FACTOR-V1
ARG,Argentina,CT BELL VILLE,ARG0000113,15.62,-32.6103,-62.6864,Oil,70.76,CAPACITY-FACTOR-V1
ARG,Argentina,CT BRAGADO,ARG0000023,49.8,-35.1364,-60.4311,Gas,278.93,CAPACITY-FACTOR-V1
ARG,Argentina,CT CAPITAN SARMIENTO,ARG0000028,5,-34.1636,-59.7683,Oil,22.65,CAPACITY-FACTOR-V1
ARG,Argentina,CT CATAMARCA,ARG0000054,19.2,-28.4706,-65.7647,Oil,86.98,CAPACITY-FACTOR-V1
ARG,Argentina,CT CAVIAHUE,ARG0000257,5,-38.0528,-70.6136,Oil,22.65,CAPACITY-FACTOR-V1
ARG,Argentina,CT CERES,ARG0000314,18,-29.8883,-61.9297,Oil,81.55,CAPACITY-FACTOR-V1
ARG,Argentina,CT CHARATA,ARG0000065,19.4,-27.2369,-61.1939,Oil,87.89,CAPACITY-FACTOR-V1
ARG,Argentina,CT CHILECITO,ARG0000189,10,-29.1581,-67.5072,Oil,45.3,CAPACITY-FACTOR-V1
ARG,Argentina,CT CIPOLLETTI,ARG0000260,5,-38.9133,-67.9414,Oil,22.65,CAPACITY-FACTOR-V1
ARG,Argentina,CT COLON BUENOS AIRES,ARG0000039,15.3,-33.9222,-61.0769,Oil,69.31,CAPACITY-FACTOR-V1
ARG,Argentina,CT CONCEPCION DEL URUGUAY,ARG0000147,41.78,-32.4767,-58.2672,Gas,234.01,CAPACITY-FACTOR-V1
ARG,Argentina,CT CORRIENTES,ARG0000114,20,-27.4708,-58.8042,Oil,90.61,CAPACITY-FACTOR-V1
ARG,Argentina,CT ECOENERGIA (PETROBRAS),ARG0000032,13.2,-38.6871,-62.3961,Coal,68.41,CAPACITY-FACTOR-V1
ARG,Argentina,CT ENSENADA DE BARRAGAN,ARG0000160,567,-34.8597,-57.9557,Gas,3175.77,CAPACITY-FACTOR-V1
ARG,Argentina,CT ESQUINA,ARG0000139,16.5,-30.055,-59.5294,Oil,74.75,CAPACITY-FACTOR-V1
ARG,Argentina,CT FORMOSA II,ARG0000149,30,-26.1764,-58.2094,Oil,135.91,CAPACITY-FACTOR-V1
ARG,Argentina,CT GENERAL VILLEGAS,ARG0000004,23.49,-35.0347,-62.9981,Oil,106.42,CAPACITY-FACTOR-V1
ARG,Argentina,CT GOYA,ARG0000138,13,-29.1583,-59.2728,Oil,58.89,CAPACITY-FACTOR-V1
ARG,Argentina,CT INDEPENDENCIA,ARG0000336,120,-26.8666,-65.2247,Gas,672.12,CAPACITY-FACTOR-V1
ARG,Argentina,CT INGENIERO JUAREZ,ARG0000152,4,-23.9078,-61.8342,Oil,18.12,CAPACITY-FACTOR-V1
ARG,Argentina,CT INTA CATAMARCA,ARG0000055,7.04,-28.4733,-65.7275,Oil,31.89,CAPACITY-FACTOR-V1
ARG,Argentina,CT ISLA VERDE,ARG0000083,24.5,-33.2425,-62.395,Oil,111,CAPACITY-FACTOR-V1
ARG,Argentina,CT JUAN JOSE CASTELLI,ARG0000059,15,-25.9564,-60.6204,Oil,67.95,CAPACITY-FACTOR-V1
ARG,Argentina,CT JUNIN,ARG0000035,22,-34.5708,-60.9161,Oil,99.67,CAPACITY-FACTOR-V1
ARG,Argentina,CT LA PLATA,ARG0000040,40.4,-34.9344,-58.016,Oil,183.03,CAPACITY-FACTOR-V1
ARG,Argentina,CT LA RIOJA DELIVERY,ARG0000190,19.2,-29.3811,-66.8325,Oil,86.98,CAPACITY-FACTOR-V1
ARG,Argentina,CT LA RIOJA SUR,ARG0000191,10,-29.3808,-66.8319,Oil,45.3,CAPACITY-FACTOR-V1
ARG,Argentina,CT LAGUNA BLANCA,ARG0000153,7,-25.1286,-58.2597,Oil,31.71,CAPACITY-FACTOR-V1
ARG,Argentina,CT LAS ARMAS,ARG0000024,10.4,-37.0781,-57.8181,Gas,58.25,CAPACITY-FACTOR-V1
ARG,Argentina,CT LAS ARMAS II,ARG0000025,23.37,-37.0781,-57.8181,Gas,130.89,CAPACITY-FACTOR-V1
ARG,Argentina,CT LAS PALMAS,ARG0000066,6,-27.0289,-58.6997,Oil,27.18,CAPACITY-FACTOR-V1
ARG,Argentina,CT LIBERTADOR GENERAL SAN MARTIN,ARG0000170,15,-40.8421,-68.0869,Oil,67.95,CAPACITY-FACTOR-V1
ARG,Argentina,CT LINCOLN,ARG0000036,15.002,-34.8578,-61.5206,Oil,67.96,CAPACITY-FACTOR-V1
ARG,Argentina,CT LOBOS,ARG0000041,15.686,-35.1917,-59.0808,Oil,71.06,CAPACITY-FACTOR-V1
ARG,Argentina,CT MAGDALENA,ARG0000005,25,-35.1001,-57.4839,Oil,113.26,CAPACITY-FACTOR-V1
ARG,Argentina,CT MATHEU,ARG0000163,41,-34.3931,-58.8372,Gas,229.64,CAPACITY-FACTOR-V1
ARG,Argentina,CT MEDANITOS (RINCON DE LOS SAUCES),ARG0000258,32,-37.4102,-68.9,Oil,144.98,CAPACITY-FACTOR-V1
ARG,Argentina,CT MIRAMAR I,ARG0000022,20,-38.2472,-57.8242,Oil,90.61,CAPACITY-FACTOR-V1
ARG,Argentina,CT OLAVARRIA,ARG0000026,38.8,-36.9439,-60.2361,Gas,217.31,CAPACITY-FACTOR-V1
ARG,Argentina,CT ORAN,ARG0000286,15,-23.1258,-64.3069,Oil,67.95,CAPACITY-FACTOR-V1
ARG,Argentina,CT PARANA,ARG0000148,40,-31.7764,-60.4553,Gas,224.04,CAPACITY-FACTOR-V1
ARG,Argentina,CT PARQUE INDUSTRIAL CATAMARCA,ARG0000056,15,-28.5339,-65.7997,Oil,67.95,CAPACITY-FACTOR-V1
ARG,Argentina,CT PASO DE LA PATRIA,ARG0000141,7.2,-27.3236,-58.5667,Oil,32.62,CAPACITY-FACTOR-V1
ARG,Argentina,CT PEHUAJO,ARG0000037,22.4,-35.8336,-61.8758,Oil,101.48,CAPACITY-FACTOR-V1
ARG,Argentina,CT PINAMAR,ARG0000027,21,-37.0953,-56.8789,Gas,117.62,CAPACITY-FACTOR-V1
ARG,Argentina,CT PIRANE,ARG0000154,16.25,-25.6786,-59.0756,Oil,73.62,CAPACITY-FACTOR-V1
ARG,Argentina,CT PLUSPETROL NORTE,ARG0000337,246,-26.9955,-65.166,Gas,1377.84,CAPACITY-FACTOR-V1
ARG,Argentina,CT RAFAELA,ARG0000315,19.2,-31.2567,-61.5203,Oil,86.98,CAPACITY-FACTOR-V1
ARG,Argentina,CT REALICO,ARG0000184,24,-35.055,-64.2406,Oil,108.73,CAPACITY-FACTOR-V1
ARG,Argentina,CT ROCA,ARG0000262,130,-31.8919,-60.0106,Gas,728.13,CAPACITY-FACTOR-V1
ARG,Argentina,CT SAENZ PEÑA  I,ARG0000062,20,-26.8156,-60.4114,Oil,90.61,CAPACITY-FACTOR-V1
ARG,Argentina,CT SAENZ PEÑA  II,ARG0000060,15,-26.8153,-60.4125,Oil,67.95,CAPACITY-FACTOR-V1
ARG,Argentina,CT SALTO,ARG0000038,22.5,-27.4597,-65.6055,Oil,101.93,CAPACITY-FACTOR-V1
ARG,Argentina,CT SAN MARTIN NORTE III,ARG0000161,5.1,-34.5252,-58.6206,Oil,23.1,CAPACITY-FACTOR-V1
ARG,Argentina,CT SAN MIGUEL DE TUCUMAN,ARG0000341,396.62,-26.9955,-65.166,Gas,2221.47,CAPACITY-FACTOR-V1
ARG,Argentina,CT SAN MIGUEL NORTE III,ARG0000162,11.5,-34.5252,-58.6206,Oil,52.1,CAPACITY-FACTOR-V1
ARG,Argentina,CT SANTA ROSA,ARG0000142,6,-28.2628,-58.0006,Oil,27.18,CAPACITY-FACTOR-V1
ARG,Argentina,CT TARTAGAL,ARG0000288,10,-22.5406,-63.8056,Oil,45.3,CAPACITY-FACTOR-V1
ARG,Argentina,CT TEREVINTOS,ARG0000057,8,-28.4289,-65.7878,Oil,36.24,CAPACITY-FACTOR-V1
ARG,Argentina,CT TINOGASTA,ARG0000058,15,-28.0486,-67.5667,Oil,67.95,CAPACITY-FACTOR-V1
ARG,Argentina,CT TUCUMAN,ARG0000342,438,-26.9955,-65.166,Gas,2453.24,CAPACITY-FACTOR-V1
ARG,Argentina,CT VENADO TUERTO,ARG0000316,19.2,-33.7736,-61.9564,Oil,86.98,CAPACITY-FACTOR-V1
ARG,Argentina,CT VIALE,ARG0000143,10,-31.8919,-60.0106,Oil,45.3,CAPACITY-FACTOR-V1
ARG,Argentina,CT VILLA ANGELA,ARG0000061,15,-27.5808,-60.7094,Oil,67.95,CAPACITY-FACTOR-V1
ARG,Argentina,CT VILLA REGINA,ARG0000261,5,-39.0872,-67.0881,Oil,22.65,CAPACITY-FACTOR-V1
ARG,Argentina,CUESTA DEL VIENTO,ARG0000297,10.55,-30.1833,-69.0667,Hydro,39.33,HYDRO-V1
ARG,Argentina,Cafayate,WKS0071212,80,-26.04,-65.93,Solar,192.96,SOLAR-V1-NO-AGE
ARG,Argentina,Caldenes del Oeste,WKS0072494,30,-33.61,-65.445,Solar,75.31,SOLAR-V1-NO-AGE
ARG,Argentina,Cauchari,WKS0068701,300,-23.8,-66.8,Solar,643.87,SOLAR-V1-NO-AGE
ARG,Argentina,DEAN FUNES,ARG0000088,70.12,-31.3934,-64.2059,Gas,392.74,CAPACITY-FACTOR-V1
ARG,Argentina,DIQUE,ARG0000157,68.44,-34.8902,-57.933,Gas,383.33,CAPACITY-FACTOR-V1
ARG,Argentina,DOCK SUD,ARG0000158,872.3,-34.6533,-58.342,Gas,4885.76,CAPACITY-FACTOR-V1
ARG,Argentina,EL CADILLAL,ARG0000338,14,-26.6156,-65.1929,Hydro,45.64,HYDRO-V1
ARG,Argentina,EL CARRIZAL,ARG0000196,17,-33.2993,-68.7199,Hydro,66.05,HYDRO-V1
ARG,Argentina,EL CHOCON,ARG0000255,1200,-39.2577,-68.7483,Hydro,3517.36,HYDRO-V1
ARG,Argentina,EL TIGRE,ARG0000211,14.4,-34.61,-68.6136,Hydro,41.96,HYDRO-V1
ARG,Argentina,EL TUNAL,ARG0000276,11,-25.2323,-64.4762,Hydro,45.91,HYDRO-V1
ARG,Argentina,EMBALSE,ARG0000112,648,-32.2316,-64.4422,Nuclear,2283.62,CAPACITY-FACTOR-V1
ARG,Argentina,ESCABA,ARG0000339,24,-27.6589,-65.7633,Hydro,55.01,HYDRO-V1
ARG,Argentina,ESQUINA,ARG0000119,2.215,-30.0102,-59.5321,Oil,10.03,CAPACITY-FACTOR-V1
ARG,Argentina,EX CENTRAL BUENOS AIRES,ARG0000047,321,-34.627,-58.3382,Gas,1797.92,CAPACITY-FACTOR-V1
ARG,Argentina,FILO MORADO,ARG0000240,67.5,-37.2742,-69.652,Gas,378.06,CAPACITY-FACTOR-V1
ARG,Argentina,FITZ SIMON,ARG0000089,10.8,-32.1784,-64.4207,Hydro,31.47,HYDRO-V1
ARG,Argentina,FLORENTINO AMEGHINO,ARG0000079,60,-43.6996,-66.4815,Hydro,185.17,HYDRO-V1
ARG,Argentina,FUTALEUFU,ARG0000080,472,-43.1288,-71.63,Hydro,1216.6,HYDRO-V1
ARG,Argentina,GENERACION FRIAS SA,ARG0000329,60,-28.6072,-65.1228,Gas,336.06,CAPACITY-FACTOR-V1
ARG,Argentina,GENERAL ACHA,ARG0000182,1.8,-37.4309,-64.716,Wind,11.31,CAPACITY-FACTOR-V1
ARG,Argentina,GENERAL LEVALLE,ARG0000090,72.78,-34.0364,-63.9217,Gas,407.64,CAPACITY-FACTOR-V1
ARG,Argentina,GENERAL SAN MARTIN,ARG0000208,6,-33.0449,-68.9219,Hydro,21.74,HYDRO-V1
ARG,Argentina,GOYA,ARG0000121,1.33,-29.1388,-59.2277,Oil,6.02,CAPACITY-FACTOR-V1
ARG,Argentina,GOYA (ELECTROPATAGONIA SA),ARG0000137,17.3,-29.1388,-59.2277,Gas,96.89,CAPACITY-FACTOR-V1
ARG,Argentina,GUILLERMO CESPEDES,ARG0000269,5.2,-39.56,-65.6817,Hydro,9.19,HYDRO-V1
ARG,Argentina,H. PICHI PICUN LEUFU,ARG0000272,285,-40.012,-69.9918,Hydro,805.77,HYDRO-V1
ARG,Argentina,ISLA VERDE,ARG0000091,3.115,-33.2422,-62.3946,Oil,14.11,CAPACITY-FACTOR-V1
ARG,Argentina,ITA IBATE,ARG0000123,1.052,-27.4252,-57.3341,Oil,4.76,CAPACITY-FACTOR-V1
ARG,Argentina,ITUZAINGO,ARG0000124,1.33,-27.5785,-56.6726,Oil,6.02,CAPACITY-FACTOR-V1
ARG,Argentina,Iglesia-Guañizuil,WKS0072502,80,-30.34,-69.27,Solar,188.51,SOLAR-V1-NO-AGE
ARG,Argentina,JULIAN  ROMERO,ARG0000270,6.2,-38.8367,-68.038,Hydro,25.64,HYDRO-V1
ARG,Argentina,LA CRUZ,ARG0000125,1.33,-29.1762,-56.6394,Oil,6.02,CAPACITY-FACTOR-V1
ARG,Argentina,LA PLATA COGENERACION,ARG0000164,128,-34.889,-57.9206,Gas,716.92,CAPACITY-FACTOR-V1
ARG,Argentina,LA RIOJA,ARG0000188,42,-29.3823,-66.8325,Oil,190.28,CAPACITY-FACTOR-V1
ARG,Argentina,LA TABLADA,ARG0000222,22.15,-27.4184,-55.9097,Gas,124.06,CAPACITY-FACTOR-V1
ARG,Argentina,LA VIÑA,ARG0000094,16,-31.8708,-65.0349,Hydro,44.18,HYDRO-V1
ARG,Argentina,LAS MADERAS,ARG0000169,30,-24.4438,-65.2203,Hydro,73.63,HYDRO-V1
ARG,Argentina,LOS CORONELES (EX 25  DE MAYO),ARG0000209,6.6,-34.6,-68.5285,Hydro,19.26,HYDRO-V1
ARG,Argentina,LOS MOLINOS I,ARG0000096,59.04,-31.838,-64.4452,Hydro,135.62,HYDRO-V1
ARG,Argentina,LOS MOLINOS II,ARG0000097,4.5,-31.838,-64.4452,Hydro,11.33,HYDRO-V1
ARG,Argentina,LOS QUIROGA,ARG0000331,2.5,-27.6509,-64.3618,Hydro,9.11,HYDRO-V1
ARG,Argentina,LOS REYUNOS,ARG0000212,224,-34.6028,-68.6383,Hydro,556.92,HYDRO-V1
ARG,Argentina,LUJAN DE CUYO,ARG0000198,549.76,-33.0551,-68.981,Gas,3079.21,CAPACITY-FACTOR-V1
ARG,Argentina,MAR DE AJO,ARG0000006,34,-36.7208,-63.1977,Gas,190.43,CAPACITY-FACTOR-V1
ARG,Argentina,MAR DEL PLATA (9 DE JULIO),ARG0000007,201.3,-38.0495,-57.546,Gas,1127.48,CAPACITY-FACTOR-V1
ARG,Argentina,MAYOR BURATOVICH,ARG0000015,2.02,-39.2291,-62.6497,Wind,12.69,CAPACITY-FACTOR-V1
ARG,Argentina,MBURUCUYA,ARG0000128,1.035,-28.0441,-58.2285,Oil,4.68,CAPACITY-FACTOR-V1
ARG,Argentina,MERCEDES,ARG0000129,2.308,-29.1808,-58.0793,Oil,10.45,CAPACITY-FACTOR-V1
ARG,Argentina,MODESTO MARANZANA,ARG0000111,250,-33.1608,-64.3656,Gas,1400.25,CAPACITY-FACTOR-V1
ARG,Argentina,NECOCHEA,ARG0000008,206,-38.5785,-58.7108,Coal,1067.69,CAPACITY-FACTOR-V1
ARG,Argentina,NIHUIL I,ARG0000214,74.24,-34.9907,-68.6237,Hydro,223.95,HYDRO-V1
ARG,Argentina,NIHUIL II,ARG0000215,133.12,-34.9039,-68.6177,Hydro,350.53,HYDRO-V1
ARG,Argentina,NIHUIL III,ARG0000216,52,-34.8821,-68.576,Hydro,156.86,HYDRO-V1
ARG,Argentina,NIHUIL IV,ARG0000213,22.4,-34.833,-68.5168,Hydro,73.35,HYDRO-V1
ARG,Argentina,NUEVA ESPERANZA,ARG0000323,3.38,-26.2072,-64.2477,Oil,15.31,CAPACITY-FACTOR-V1
ARG,Argentina,NUEVO PUERTO,ARG0000044,1217.7,-34.5721,-58.3835,Gas,6820.35,CAPACITY-FACTOR-V1
ARG,Argentina,OBERA (TG Nº21 FIAT ),ARG0000223,17.2,-27.5019,-55.1245,Gas,96.33,CAPACITY-FACTOR-V1
ARG,Argentina,ORENSE,ARG0000016,1.72,-38.6851,-59.7804,Oil,7.79,CAPACITY-FACTOR-V1
ARG,Argentina,PARANA,ARG0000001,845.26,-33.3549,-60.1718,Other,0,CAPACITY-FACTOR-V1
ARG,Argentina,PARQUE EOLICO ARAUCO SAPEM I,ARG0000192,25.2,-28.6684,-66.7524,Wind,158.35,CAPACITY-FACTOR-V1
ARG,Argentina,PARQUE EOLICO ARAUCO SAPEM II,ARG0000193,25.2,-28.6684,-66.7524,Wind,158.35,CAPACITY-FACTOR-V1
ARG,Argentina,PARQUE EOLICO DIADEMA,ARG0000081,6.3,-45.7458,-67.6953,Wind,39.58,CAPACITY-FACTOR-V1
ARG,Argentina,PARQUE EOLICO EL TORDILLO,ARG0000082,3,-45.8507,-67.9081,Wind,18.85,CAPACITY-FACTOR-V1
ARG,Argentina,PARQUE EOLICO LOMA BLANCA IV (ENARSA),ARG0000075,50,-43.0907,-65.2298,Wind,314.19,CAPACITY-FACTOR-V1
ARG,Argentina,PARQUE EOLICO RAWSON I (ENARSA),ARG0000076,48.6,-43.3522,-65.1734,Wind,305.39,CAPACITY-FACTOR-V1
ARG,Argentina,PARQUE EOLICO RAWSON II (ENARSA),ARG0000077,28.8,-43.3522,-65.1734,Wind,180.97,CAPACITY-FACTOR-V1
ARG,Argentina,PASO DE LOS LIBRES,ARG0000132,2.135,-29.7148,-57.0933,Oil,9.67,CAPACITY-FACTOR-V1
ARG,Argentina,PATAGONIA,ARG0000078,123.7,-45.7934,-67.5145,Gas,692.84,CAPACITY-FACTOR-V1
ARG,Argentina,PERUGORRIA,ARG0000133,1.11,-29.34,-58.6077,Oil,5.02,CAPACITY-FACTOR-V1
ARG,Argentina,PICO TRUNCADO - JORGE ROMANUTTI,ARG0000305,2.4,-46.8065,-67.9808,Wind,15.08,CAPACITY-FACTOR-V1
ARG,Argentina,PICO TRUNCADO I,ARG0000304,45.6,-46.7842,-67.9498,Gas,255.4,CAPACITY-FACTOR-V1
ARG,Argentina,PIEDRA DEL AGUILA (CPSA),ARG0000233,1400,-31.6651,-63.8314,Hydro,2931.94,HYDRO-V1
ARG,Argentina,PIEDRAS MORAS,ARG0000099,6.3,-32.1675,-64.2438,Hydro,18.44,HYDRO-V1
ARG,Argentina,PILAR  BICENTENARIO,ARG0000100,467,-31.6651,-63.8314,Gas,2615.67,CAPACITY-FACTOR-V1
ARG,Argentina,PILAR ZANICHELLI,ARG0000101,216,-31.6662,-63.8344,Coal,1119.52,CAPACITY-FACTOR-V1
ARG,Argentina,PLANICIE BANDERITA,ARG0000241,472,-28.5339,-65.7997,Hydro,726.87,HYDRO-V1
ARG,Argentina,PLANTA PILOTO FOTOVOLTAICA SAN JUAN 1,ARG0000298,1.2,-31.3891,-68.6752,Solar,2.48,SOLAR-V1-NO-AGE
ARG,Argentina,PRESIDENTE SARMIENTO,ARG0000289,31.5,-31.5129,-68.5399,Gas,176.43,CAPACITY-FACTOR-V1
ARG,Argentina,PUEBLO VIEJO,ARG0000340,19.2,-27.1149,-65.7523,Hydro,42.32,HYDRO-V1
ARG,Argentina,PUERTO MADRYN,ARG0000073,42,-42.7069,-65.1048,Gas,235.24,CAPACITY-FACTOR-V1
ARG,Argentina,PUERTO NUEVO,ARG0000045,589,-34.5754,-58.3788,Coal,3052.77,CAPACITY-FACTOR-V1
ARG,Argentina,PUNTA ALTA - CENTENARIO,ARG0000017,1.8,-38.7833,-61.8984,Wind,11.31,CAPACITY-FACTOR-V1
ARG,Argentina,QUEBRADA DE ULLUM,ARG0000299,45,-31.2567,-61.5203,Hydro,113.26,HYDRO-V1
ARG,Argentina,RIO CORRALITO,ARG0000282,13.2,-24.983,-65.686,Hydro,29.96,HYDRO-V1
ARG,Argentina,RIO CUARTO,ARG0000103,35.57,-33.1614,-64.3649,Gas,199.22,CAPACITY-FACTOR-V1
ARG,Argentina,RIO GRANDE,ARG0000104,750,-53.7862,-67.7222,Hydro,1965.53,HYDRO-V1
ARG,Argentina,RIO HONDO,ARG0000332,19,-27.5225,-64.8861,Hydro,75.75,HYDRO-V1
ARG,Argentina,SALTO ANDERSEN,ARG0000271,7.9,-38.8244,-64.8296,Hydro,27.6,HYDRO-V1
ARG,Argentina,SALTO GRANDE (MITAD ARGENTINA),ARG0000144,945,-31.3891,-68.6752,Hydro,1477.96,HYDRO-V1
ARG,Argentina,SAN FRANCISCO,ARG0000105,40,-31.4391,-62.1119,Gas,224.04,CAPACITY-FACTOR-V1
ARG,Argentina,SAN MARTIN DE LOS ANDES,ARG0000250,4.218,-40.1511,-71.334,Oil,19.11,CAPACITY-FACTOR-V1
ARG,Argentina,SAN NICOLAS,ARG0000002,644,-33.3562,-60.1729,Coal,3337.83,CAPACITY-FACTOR-V1
ARG,Argentina,SAN PEDRO,ARG0000227,2.216,-26.6253,-54.1102,Oil,10.03,CAPACITY-FACTOR-V1
ARG,Argentina,SAN ROQUE,ARG0000107,26,-31.3533,-64.3938,Hydro,62.38,HYDRO-V1
ARG,Argentina,SANTA ISABEL,ARG0000181,2.25,-36.2314,-66.9381,Oil,10.19,CAPACITY-FACTOR-V1
ARG,Argentina,SANTO TOME,ARG0000135,2.684,-28.5497,-56.0722,Oil,12.16,CAPACITY-FACTOR-V1
ARG,Argentina,SORRENTO,ARG0000313,226,-32.9053,-60.6807,Coal,1171.35,CAPACITY-FACTOR-V1
ARG,Argentina,SUDOESTE,ARG0000108,140,-31.463,-64.2388,Gas,784.14,CAPACITY-FACTOR-V1
ARG,Argentina,Saujil,WKS0071209,22.5,-28.165,-66.225,Solar,58.55,SOLAR-V1-NO-AGE
ARG,Argentina,TARTAGAL,ARG0000283,17,-22.5099,-63.797,Gas,95.21,CAPACITY-FACTOR-V1
ARG,Argentina,TENARIS SIDERCA CETE II,ARG0000034,163.2,-33.3655,-60.1435,Gas,914.08,CAPACITY-FACTOR-V1
ARG,Argentina,TOSTADO,ARG0000312,3.2,-29.2352,-61.7577,Oil,14.49,CAPACITY-FACTOR-V1
ARG,Argentina,ULLUM,ARG0000290,42,-31.4557,-68.7556,Hydro,78.23,HYDRO-V1
ARG,Argentina,URUGUA-I,ARG0000228,120,-25.8766,-54.5687,Hydro,297.94,HYDRO-V1
ARG,Argentina,VENADO TUERTO,ARG0000309,9.1,-33.7777,-61.9555,Oil,41.22,CAPACITY-FACTOR-V1
ARG,Argentina,VILLA GESELL,ARG0000009,130,-37.2487,-56.9973,Gas,728.13,CAPACITY-FACTOR-V1
ARG,Argentina,VILLA MARIA (LAS PLAYAS),ARG0000109,48,-39.0872,-67.0881,Gas,268.84,CAPACITY-FACTOR-V1
ARG,Argentina,VUELTA DE OBLIGADO,ARG0000308,560,-32.5807,-60.7903,Gas,3136.56,CAPACITY-FACTOR-V1
ARG,Argentina,YACYRETA,ARG0000136,1550,-27.4827,-56.7397,Hydro,3605.49,HYDRO-V1
ARM,Armenia,Armenian-2,WRI1019028,375,40.1805,44.1498,Nuclear,2411.04,CAPACITY-FACTOR-V1
ARM,Armenia,Hrazadan,WRI1019027,1110,40.564,44.7479,Gas,6712.82,CAPACITY-FACTOR-V1
ARM,Armenia,New Yerevan,WRI1019026,271,40.1152,44.4973,Gas,1638.89,CAPACITY-FACTOR-V1
ARM,Armenia,Sevan-Hrazdan Cascade,WRI1003805,561,40.5078,44.7606,Hydro,853.67,HYDRO-V1
ARM,Armenia,Shamb,WRI1019030,170,39.4743,46.1306,Hydro,226.04,HYDRO-V1
ARM,Armenia,Spandaryan,WRI1019031,76,39.6494,45.85,Hydro,91.89,HYDRO-V1
ARM,Armenia,Tatev,WRI1019029,158,39.3956,46.2578,Hydro,263.44,HYDRO-V1
ARM,Armenia,Yerevan,WRI1019025,550,40.1138,44.5038,Gas,3326.17,CAPACITY-FACTOR-V1
AUS,Australia,Adelaide Showgrounds,AUS0000432,1,-34.9453,138.5882,Solar,1.52,SOLAR-V1-NO-AGE
AUS,Australia,Albany Wind Farm,AUS0000065,21.6,-35.0641,117.7977,Wind,56.49,CAPACITY-FACTOR-V1
AUS,Australia,Amcor Gawler,AUS0000231,4,-34.5509,138.7659,Oil,7.72,CAPACITY-FACTOR-V1
AUS,Australia,Angaston,AUS0000232,50,-34.5034,139.0246,Oil,96.56,CAPACITY-FACTOR-V1
AUS,Australia,Anglesea,AUS0000114,165,-38.3861,144.1828,Coal,1065.59,CAPACITY-FACTOR-V1
AUS,Australia,Angurugu,AUS0000615,3.6,-13.8584,136.4209,Oil,6.95,CAPACITY-FACTOR-V1
AUS,Australia,Appin (Mine),AUS0000264,55.6,-34.2082,150.7722,Gas,154.2,CAPACITY-FACTOR-V1
AUS,Australia,Ararat Wind Farm,AUS0000611,240,-37.2385,143.0794,Wind,627.75,CAPACITY-FACTOR-V1
AUS,Australia,Argyle Diamond Mine,AUS0000220,32,-16.7162,128.4031,Oil,61.8,CAPACITY-FACTOR-V1
AUS,Australia,Bairnsdale,AUS0000081,94,-37.8429,147.5639,Gas,260.7,CAPACITY-FACTOR-V1
AUS,Australia,Ballarat Base Hospital,AUS0000113,3,-37.5596,143.8469,Gas,8.32,CAPACITY-FACTOR-V1
AUS,Australia,Banimboola,AUS0000014,12.85,-36.5344,147.4594,Hydro,51.03,HYDRO-V1
AUS,Australia,Bankstown Sports Club,AUS0000399,2,-33.9197,151.0332,Oil,3.86,CAPACITY-FACTOR-V1
AUS,Australia,Bannerton Solar Farm,AUS0000608,88,-34.6899,142.7452,Solar,185.63,SOLAR-V1-NO-AGE
AUS,Australia,Barcaldine (Len Wishaw),AUS0000008,37,-23.5525,145.3142,Gas,102.61,CAPACITY-FACTOR-V1
AUS,Australia,Barcaldine KDB,WKS0065252,20,-23.549,145.318,Solar,48.01,SOLAR-V1-NO-AGE
AUS,Australia,Barcaldine YD,WKS0069521,10.9,-23.5388,145.2732,Solar,25.33,SOLAR-V1-NO-AGE
AUS,Australia,Barron Gorge,AUS0000151,60,-16.8502,145.6465,Hydro,194.56,HYDRO-V1
AUS,Australia,Bastyan,AUS0000137,79.9,-41.736,145.5321,Hydro,262.31,HYDRO-V1
AUS,Australia,Bayswater,AUS0000265,2640,-32.3953,150.9491,Coal,17049.59,CAPACITY-FACTOR-V1
AUS,Australia,Belconnen,AUS0000400,1,-35.2142,148.9872,Waste,0,CAPACITY-FACTOR-V1
AUS,Australia,Bell Bay (Bell Bay Three),AUS0000139,115,-41.1429,146.903,Gas,318.94,CAPACITY-FACTOR-V1
AUS,Australia,Bendeela (Shoalhaven Scheme),AUS0000266,240,-34.7337,150.4669,Hydro,536.34,HYDRO-V1
AUS,Australia,Berrimah,AUS0000251,10,-12.4262,130.9195,Gas,27.73,CAPACITY-FACTOR-V1
AUS,Australia,Berwick,AUS0000080,7.2,-38.1197,145.2665,Waste,0,CAPACITY-FACTOR-V1
AUS,Australia,Beryl AU,WKS0069215,87,-32.353,149.468,Solar,199.78,SOLAR-V1-NO-AGE
AUS,Australia,Bidyadanga,AUS0000382,1.3,-18.6816,121.7848,Oil,2.51,CAPACITY-FACTOR-V1
AUS,Australia,Blayney Wind Farm,AUS0000027,9.9,-33.6219,149.1982,Wind,25.89,CAPACITY-FACTOR-V1
AUS,Australia,Blowering,AUS0000267,70,-35.3986,148.2463,Hydro,224.43,HYDRO-V1
AUS,Australia,Blue Lake Milling Power Plant,AUS0000376,1,-36.3164,140.7575,Oil,1.93,CAPACITY-FACTOR-V1
AUS,Australia,Bluff Point (Woolnorth) Wind Farm,AUS0000009,65,-40.7207,144.6869,Wind,170.01,CAPACITY-FACTOR-V1
AUS,Australia,Boco Rock,AUS0000394,113,-36.5763,149.1267,Wind,295.56,CAPACITY-FACTOR-V1
AUS,Australia,Bodangora Wind Farm,AUS0000422,113,-32.4146,149.0998,Wind,295.56,CAPACITY-FACTOR-V1
AUS,Australia,Bogong (Mount Beauty Hydro Scheme),AUS0000102,300,-36.8055,147.228,Hydro,844.82,HYDRO-V1
AUS,Australia,Braemar 1,AUS0000152,504,-27.1109,150.9053,Gas,1397.8,CAPACITY-FACTOR-V1
AUS,Australia,Braemar 2,AUS0000153,519,-27.1128,150.9049,Gas,1439.4,CAPACITY-FACTOR-V1
AUS,Australia,Bremer Bay Diesel Backup,AUS0000349,1.3,-34.4018,119.3888,Oil,2.51,CAPACITY-FACTOR-V1
AUS,Australia,Brewer,AUS0000256,8.5,-23.8817,133.8281,Gas,23.57,CAPACITY-FACTOR-V1
AUS,Australia,Brisbane BNE,WKS0070137,6,-27.404,153.11,Solar,12.53,SOLAR-V1-NO-AGE
AUS,Australia,Broadmeadows,AUS0000082,12.2,-37.6878,144.9663,Waste,0,CAPACITY-FACTOR-V1
AUS,Australia,Broadwater,AUS0000268,38,-29.0118,153.4335,Biomass,0,NO-ESTIMATION
AUS,Australia,Broken Hill,AUS0000305,50,-31.9863,141.4203,Gas,138.67,CAPACITY-FACTOR-V1
AUS,Australia,Broken Hill Solar Plant,AUS0000477,53,-31.9867,141.3915,Solar,113.15,SOLAR-V1-NO-AGE
AUS,Australia,Brooklyn,AUS0000079,2.83,-37.818,144.8319,Waste,0,CAPACITY-FACTOR-V1
AUS,Australia,Broome,AUS0000180,39.6,-17.981,122.2046,Gas,109.82,CAPACITY-FACTOR-V1
AUS,Australia,Brown Mountain,AUS0000269,4.95,-36.5951,149.474,Hydro,13.19,HYDRO-V1
AUS,Australia,Browns Plains,AUS0000078,2.2,-27.6721,153.0663,Waste,0,CAPACITY-FACTOR-V1
AUS,Australia,Bulwer Island,AUS0000461,33,-27.4036,153.1363,Gas,91.52,CAPACITY-FACTOR-V1
AUS,Australia,Bungala I,WKS0066021,110,-32.427,137.838,Solar,268.6,SOLAR-V1-NO-AGE
AUS,Australia,Bungala II,WKS0070392,110,-32.408,137.841,Solar,267.03,SOLAR-V1-NO-AGE
AUS,Australia,Burrendong,AUS0000300,19,-32.6646,149.108,Hydro,68.87,HYDRO-V1
AUS,Australia,Burrinjuck Power Station,AUS0000048,27,-35.0025,148.5834,Hydro,94.75,HYDRO-V1
AUS,Australia,Burrup Peninsula (Karratha Gas Plant),AUS0000181,240,-20.6286,116.7821,Gas,665.62,CAPACITY-FACTOR-V1
AUS,Australia,Burrup Peninsula (Pluto Phase 1),AUS0000182,160,-20.5937,116.7802,Gas,443.74,CAPACITY-FACTOR-V1
AUS,Australia,Butlers Gorge,AUS0000127,14.4,-42.2669,146.2618,Hydro,57.17,HYDRO-V1
AUS,Australia,CSIRO Energy Centre,AUS0000438,1.5,-32.8835,151.7275,Solar,3.17,SOLAR-V1-NO-AGE
AUS,Australia,Callide A,AUS0000178,30,-24.334,150.628,Coal,193.74,CAPACITY-FACTOR-V1
AUS,Australia,Callide B,AUS0000177,700,-24.3449,150.6197,Coal,4520.72,CAPACITY-FACTOR-V1
AUS,Australia,Callide C,AUS0000176,840,-24.3449,150.6182,Coal,5424.86,CAPACITY-FACTOR-V1
AUS,Australia,Camballin,AUS0000414,1.04,-18.0278,124.1621,Gas,2.88,CAPACITY-FACTOR-V1
AUS,Australia,Canning Vale,AUS0000330,4,-32.0739,115.8914,Waste,0,CAPACITY-FACTOR-V1
AUS,Australia,Cannington Mine,AUS0000452,40,-21.8601,140.9158,Gas,110.93,CAPACITY-FACTOR-V1
AUS,Australia,Canunda Wind Farm,AUS0000064,46,-37.7603,140.4033,Wind,120.32,CAPACITY-FACTOR-V1
AUS,Australia,Cape Bridgewater Wind Farm,AUS0000007,58,-38.3577,141.385,Wind,151.7,CAPACITY-FACTOR-V1
AUS,Australia,Cape Lambert,AUS0000462,105,-20.6488,117.1407,Gas,291.2,CAPACITY-FACTOR-V1
AUS,Australia,Cape Nelson North Wind Farm,AUS0000112,22,-38.3676,141.543,Wind,57.54,CAPACITY-FACTOR-V1
AUS,Australia,Cape Nelson South Wind Farm,AUS0000111,44,-38.412,141.543,Wind,115.08,CAPACITY-FACTOR-V1
AUS,Australia,Cape Preston,AUS0000457,450,-21.0767,116.159,Gas,1248.04,CAPACITY-FACTOR-V1
AUS,Australia,Cape Sir William Grant Wind Farm,AUS0000110,54,-38.3976,141.6209,Wind,141.24,CAPACITY-FACTOR-V1
AUS,Australia,Capital Hill Wind Farm,AUS0000047,140,-35.166,149.5186,Wind,366.19,CAPACITY-FACTOR-V1
AUS,Australia,Capral (Aluminium Smelter),AUS0000270,300,-32.7897,151.4813,Gas,832.02,CAPACITY-FACTOR-V1
AUS,Australia,Carnarvon,AUS0000386,15,-24.8692,113.6754,Gas,41.6,CAPACITY-FACTOR-V1
AUS,Australia,Catagunya,AUS0000126,48,-42.4524,146.5977,Hydro,152.36,HYDRO-V1
AUS,Australia,Cathedral Rocks Wind Farm,AUS0000063,66,-34.8509,135.5852,Wind,172.63,CAPACITY-FACTOR-V1
AUS,Australia,Cawse Nickel Mine,AUS0000415,21,-30.3808,121.1635,Gas,58.24,CAPACITY-FACTOR-V1
AUS,Australia,Cethana,AUS0000144,85,-41.4787,146.1349,Hydro,294.9,HYDRO-V1
AUS,Australia,Challicum Hills Wind Farm,AUS0000006,52.5,-37.3898,143.114,Wind,137.32,CAPACITY-FACTOR-V1
AUS,Australia,Channel Island,AUS0000261,310,-12.555,130.8666,Gas,859.76,CAPACITY-FACTOR-V1
AUS,Australia,Charlestown Square,AUS0000401,2.8,-32.9643,151.6936,Gas,7.76,CAPACITY-FACTOR-V1
AUS,Australia,Childers,WKS0068499,75,-25.28,152.38,Solar,186.48,SOLAR-V1-NO-AGE
AUS,Australia,Christmas Creek Iron Ore Mine,AUS0000221,58,-22.399,119.732,Oil,112.01,CAPACITY-FACTOR-V1
AUS,Australia,Clare Solar Farm,AUS0000528,130,-19.8398,147.2105,Solar,315.99,SOLAR-V1-NO-AGE
AUS,Australia,Claytons,AUS0000083,11,-37.9502,145.1187,Waste,0,CAPACITY-FACTOR-V1
AUS,Australia,Clements Gap Wind Farm,AUS0000025,57,-33.5086,138.1192,Wind,149.09,CAPACITY-FACTOR-V1
AUS,Australia,Clermont Solar Farm,AUS0000619,100,-22.8446,147.5855,Solar,253.93,SOLAR-V1-NO-AGE
AUS,Australia,Cloudbreak,AUS0000324,44,-22.3247,119.404,Oil,84.98,CAPACITY-FACTOR-V1
AUS,Australia,Clover,AUS0000103,30,-36.7853,147.2205,Hydro,94.88,HYDRO-V1
AUS,Australia,Cluny,AUS0000125,17,-42.5064,146.6812,Hydro,73.67,HYDRO-V1
AUS,Australia,Cockburn,AUS0000183,240,-32.2001,115.7737,Gas,665.62,CAPACITY-FACTOR-V1
AUS,Australia,Codrington Wind Farm,AUS0000015,18.2,-38.2835,141.9547,Wind,47.6,CAPACITY-FACTOR-V1
AUS,Australia,Collgar Wind Farm,AUS0000307,206,-31.5432,118.4566,Wind,538.82,CAPACITY-FACTOR-V1
AUS,Australia,Collie (Bluewaters),AUS0000184,416,-33.331,116.229,Coal,2686.6,CAPACITY-FACTOR-V1
AUS,Australia,Collie A,AUS0000208,340,-33.3422,116.2612,Coal,2195.78,CAPACITY-FACTOR-V1
AUS,Australia,Collinsville,AUS0000179,190,-20.5447,147.8049,Coal,1227.05,CAPACITY-FACTOR-V1
AUS,Australia,Collinsville Solar Farm,AUS0000590,42,-20.5411,147.8074,Solar,102.8,SOLAR-V1-NO-AGE
AUS,Australia,Colongra,AUS0000271,724,-33.2099,151.5448,Gas,2007.96,CAPACITY-FACTOR-V1
AUS,Australia,Condamine A,AUS0000154,144,-26.6682,150.27,Gas,399.37,CAPACITY-FACTOR-V1
AUS,Australia,Condong Sugar Mill,AUS0000263,30,-28.3138,153.4341,Biomass,0,NO-ESTIMATION
AUS,Australia,Copeton,AUS0000301,24,-29.9102,150.9235,Hydro,65.1,HYDRO-V1
AUS,Australia,Coral Bay Diesel Backup,AUS0000351,2.24,-23.1521,113.7762,Oil,4.32,CAPACITY-FACTOR-V1
AUS,Australia,Corio,AUS0000336,1,-38.0587,144.4056,Waste,0,CAPACITY-FACTOR-V1
AUS,Australia,Crookwell Wind Farm,AUS0000046,4.8,-34.5165,149.5425,Wind,12.55,CAPACITY-FACTOR-V1
AUS,Australia,Crowlands Wind Farm,AUS0000518,80,-37.1216,143.1537,Wind,209.25,CAPACITY-FACTOR-V1
AUS,Australia,Cullerin Range Wind Farm,AUS0000003,30,-34.805,149.4001,Wind,78.46,CAPACITY-FACTOR-V1
AUS,Australia,Daandine,AUS0000155,33,-27.0863,150.943,Gas,91.52,CAPACITY-FACTOR-V1
AUS,Australia,Dampier,AUS0000185,120,-20.648,116.7219,Gas,332.81,CAPACITY-FACTOR-V1
AUS,Australia,Darling Downs,AUS0000156,644,-27.1169,150.8942,Gas,1786.08,CAPACITY-FACTOR-V1
AUS,Australia,Darling Downs Solar Farm,AUS0000526,110,-27.1169,150.8942,Solar,271.07,SOLAR-V1-NO-AGE
AUS,Australia,Darlot Gold Mine,AUS0000321,11.7,-27.8972,121.2698,Gas,32.44,CAPACITY-FACTOR-V1
AUS,Australia,Dartmouth (Mount Beauty Hydro Scheme),AUS0000109,150,-36.5564,147.5206,Hydro,515.46,HYDRO-V1
AUS,Australia,Darwin DRW,WKS0068285,4,-12.4157,130.8908,Solar,6.5,SOLAR-V1-NO-AGE
AUS,Australia,Daydream Solar Farm ,AUS0000531,50,-20.4947,147.7707,Solar,121.95,SOLAR-V1-NO-AGE
AUS,Australia,DeGrussa,WKS0065085,10.6,-25.55,119.317,Solar,24.59,SOLAR-V1-NO-AGE
AUS,Australia,Denham Diesel Backup,AUS0000353,1.6,-25.9167,113.534,Oil,3.09,CAPACITY-FACTOR-V1
AUS,Australia,Derby,AUS0000366,12.53,-17.3141,123.6441,Gas,34.75,CAPACITY-FACTOR-V1
AUS,Australia,Devils Gate,AUS0000136,60,-41.3505,146.2632,Hydro,208.17,HYDRO-V1
AUS,Australia,Diamantina,AUS0000459,242,-20.7837,139.4833,Gas,671.16,CAPACITY-FACTOR-V1
AUS,Australia,Dry Creek,AUS0000233,156,-34.8475,138.5818,Gas,432.65,CAPACITY-FACTOR-V1
AUS,Australia,Dubbo,WKS0064626,30,-32.273,148.658,Solar,70.67,SOLAR-V1-NO-AGE
AUS,Australia,EarthPower Biomass Plant,AUS0000272,3.9,-33.8204,151.042,Waste,0,CAPACITY-FACTOR-V1
AUS,Australia,Eastern Creek,AUS0000045,5.4,-33.8142,150.8537,Waste,0,CAPACITY-FACTOR-V1
AUS,Australia,Eastern Creek 2,AUS0000044,8.984,-33.8125,150.8617,Waste,0,CAPACITY-FACTOR-V1
AUS,Australia,Eildon,AUS0000084,120,-37.222,145.9215,Hydro,397.2,HYDRO-V1
AUS,Australia,Eildon Small Hydro,AUS0000335,5,-37.2431,145.8974,Hydro,19.87,HYDRO-V1
AUS,Australia,Elliott,AUS0000488,1,-17.5504,133.5393,Oil,1.93,CAPACITY-FACTOR-V1
AUS,Australia,Emerald Solar Farm,AUS0000581,68,-23.5084,148.1347,Solar,160.88,SOLAR-V1-NO-AGE
AUS,Australia,Emu Downs,WKS0068582,20,-30.489,115.416,Solar,46.6,SOLAR-V1-NO-AGE
AUS,Australia,Emu Downs Wind Farm,AUS0000043,79.2,-30.4882,115.3768,Wind,207.15,CAPACITY-FACTOR-V1
AUS,Australia,Energy Brix,AUS0000085,195,-38.2546,146.4137,Coal,1259.34,CAPACITY-FACTOR-V1
AUS,Australia,Eraring,AUS0000306,41.5,-33.0617,151.5223,Oil,80.15,CAPACITY-FACTOR-V1
AUS,Australia,Esperance,AUS0000186,33,-33.8762,121.8998,Gas,91.52,CAPACITY-FACTOR-V1
AUS,Australia,Esperance Wind Farm Nine Mile Beach,AUS0000042,3.6,-33.8927,121.7778,Wind,9.41,CAPACITY-FACTOR-V1
AUS,Australia,Esperance Wind Farm Ten Mile Lagoon,AUS0000391,2.03,-33.8802,121.769,Wind,5.3,CAPACITY-FACTOR-V1
AUS,Australia,Exmouth,AUS0000372,8,-21.9465,114.125,Gas,22.18,CAPACITY-FACTOR-V1
AUS,Australia,Fisher,AUS0000135,43.2,-41.6732,146.2687,Hydro,140.86,HYDRO-V1
AUS,Australia,Fitzroy Crossing,AUS0000367,4.06,-18.1956,125.5597,Gas,11.26,CAPACITY-FACTOR-V1
AUS,Australia,Gannawarra Solar Farm,AUS0000601,60,-35.6762,143.4553,Solar,111.93,SOLAR-V1-NO-AGE
AUS,Australia,Geraldton,AUS0000187,21,-28.7701,114.6485,Gas,58.24,CAPACITY-FACTOR-V1
AUS,Australia,German Creek,AUS0000157,45.2,-22.9281,148.5515,Gas,125.35,CAPACITY-FACTOR-V1
AUS,Australia,Gladstone,AUS0000158,1680,-23.8508,151.2187,Coal,10849.73,CAPACITY-FACTOR-V1
AUS,Australia,Glenbawn,AUS0000275,5.8,-32.1097,150.9982,Hydro,17.66,HYDRO-V1
AUS,Australia,Glennies Creek,AUS0000276,13,-32.4598,151.1286,Gas,36.05,CAPACITY-FACTOR-V1
AUS,Australia,Glenorchy,AUS0000418,1.6,-42.8415,147.255,Waste,0,CAPACITY-FACTOR-V1
AUS,Australia,Goondiwindi,WKS0069520,4.5,-28.325,150.375,Solar,8.25,SOLAR-V1-NO-AGE
AUS,Australia,Gordon,AUS0000143,432,-42.7405,145.9828,Hydro,955.62,HYDRO-V1
AUS,Australia,Gosnells,AUS0000331,1.1,-32.0228,116.0129,Waste,0,CAPACITY-FACTOR-V1
AUS,Australia,Grange Avenue,AUS0000041,2,-33.7029,150.8312,Waste,0,CAPACITY-FACTOR-V1
AUS,Australia,Grasmere Wind Farm (Albany Stage II),AUS0000309,13.8,-35.0507,117.7638,Wind,36.09,CAPACITY-FACTOR-V1
AUS,Australia,Greenough River Solar Farm,AUS0000474,10,-28.9043,115.1119,Solar,20.6,SOLAR-V1-NO-AGE
AUS,Australia,Griffith Solar Farm,AUS0000511,36,-34.3155,146.1094,Solar,74.55,SOLAR-V1-NO-AGE
AUS,Australia,Gullen,WKS0068350,10,-34.61,149.476,Solar,19.97,SOLAR-V1-NO-AGE
AUS,Australia,Gullen Range Wind Farm,AUS0000482,165.5,-34.6149,149.4597,Wind,432.89,CAPACITY-FACTOR-V1
AUS,Australia,Gunning,AUS0000040,47,-34.6977,149.3861,Wind,122.93,CAPACITY-FACTOR-V1
AUS,Australia,Guthega,AUS0000303,80,-36.3501,148.4135,Hydro,258.31,HYDRO-V1
AUS,Australia,Hallam Road,AUS0000077,8.984,-38.0535,145.2699,Waste,0,CAPACITY-FACTOR-V1
AUS,Australia,Hallet 5 - The Bluff,AUS0000454,52.5,-33.3855,138.7928,Wind,137.32,CAPACITY-FACTOR-V1
AUS,Australia,Hallett,AUS0000250,228.3,-33.3487,138.7517,Gas,633.17,CAPACITY-FACTOR-V1
AUS,Australia,Hallett 1 Brown Hill Wind Farm,AUS0000453,94.5,-33.3397,138.7323,Wind,247.17,CAPACITY-FACTOR-V1
AUS,Australia,Hallett 2 Hallet Hill Wind Farm,AUS0000455,71.4,-33.5226,138.8552,Wind,186.75,CAPACITY-FACTOR-V1
AUS,Australia,Halls Creek,AUS0000368,3.69,-18.2328,127.6619,Gas,10.23,CAPACITY-FACTOR-V1
AUS,Australia,Hamilton Solar Farm,AUS0000530,69,-20.5048,147.7671,Solar,168.63,SOLAR-V1-NO-AGE
AUS,Australia,Haughton River Solar Farm,AUS0000592,500,-19.733,147.0483,Solar,1173.5,SOLAR-V1-NO-AGE
AUS,Australia,Hayman Solar Farm,AUS0000532,180,-20.4877,147.7449,Solar,451.48,SOLAR-V1-NO-AGE
AUS,Australia,Hazelwood,AUS0000087,1600,-38.2731,146.3923,Coal,10333.08,CAPACITY-FACTOR-V1
AUS,Australia,Henderson,AUS0000355,3.2,-32.165,115.8008,Waste,0,CAPACITY-FACTOR-V1
AUS,Australia,Highbury,AUS0000343,2,-34.849,138.7203,Waste,0,CAPACITY-FACTOR-V1
AUS,Australia,Hobart,AUS0000419,1,-42.8883,147.2888,Waste,0,CAPACITY-FACTOR-V1
AUS,Australia,Hopetoun Diesel Backup,AUS0000412,1.3,-33.905,120.1299,Oil,2.51,CAPACITY-FACTOR-V1
AUS,Australia,Hopetoun Wind Turbines,AUS0000413,1.2,-33.9078,120.1297,Wind,3.13,CAPACITY-FACTOR-V1
AUS,Australia,Hughendon,WKS0069764,20,-20.875,144.17,Solar,48.01,SOLAR-V1-NO-AGE
AUS,Australia,Hume,AUS0000076,70,-36.1066,147.0326,Hydro,247.46,HYDRO-V1
AUS,Australia,Hunter,AUS0000277,29,-32.836,151.4505,Oil,56,CAPACITY-FACTOR-V1
AUS,Australia,Hunter Valley,AUS0000278,50,-32.3893,150.9664,Gas,138.67,CAPACITY-FACTOR-V1
AUS,Australia,Inkerman Sugar Mill,AUS0000145,10.5,-19.6422,147.4016,Biomass,0,NO-ESTIMATION
AUS,Australia,Invicta Sugar Mill,AUS0000056,150,-19.5167,147.1065,Biomass,0,NO-ESTIMATION
AUS,Australia,Isis Central Sugar Mill,AUS0000159,25,-25.194,152.2086,Biomass,0,NO-ESTIMATION
AUS,Australia,Jacks Gully,AUS0000039,2.3,-34.0734,150.7427,Waste,0,CAPACITY-FACTOR-V1
AUS,Australia,Jeeralang A,AUS0000088,204,-38.2753,146.4263,Gas,565.77,CAPACITY-FACTOR-V1
AUS,Australia,Jeeralang B,AUS0000089,228,-38.2746,146.4249,Gas,632.34,CAPACITY-FACTOR-V1
AUS,Australia,Jindabyne Dam Mini Hydro,AUS0000021,1.1,-36.4351,148.6333,Hydro,4.86,HYDRO-V1
AUS,Australia,John Butters,AUS0000134,144,-42.1548,145.5345,Hydro,414.06,HYDRO-V1
AUS,Australia,Jounama,AUS0000038,14,-35.562,148.3055,Hydro,48.76,HYDRO-V1
AUS,Australia,Jundee Gold Mine,AUS0000222,21,-26.3712,120.5776,Gas,58.24,CAPACITY-FACTOR-V1
AUS,Australia,KRC Cogeneration Plant,AUS0000332,4.2,-27.4453,153.1185,Gas,11.64,CAPACITY-FACTOR-V1
AUS,Australia,Kalamia Sugar Mill,AUS0000160,9,-19.5223,147.4152,Biomass,0,NO-ESTIMATION
AUS,Australia,Kalamunda,AUS0000329,1.3,-31.9768,115.9988,Oil,2.51,CAPACITY-FACTOR-V1
AUS,Australia,Kalbarri Wind Farm,AUS0000405,1.7,-27.8995,114.1946,Wind,4.44,CAPACITY-FACTOR-V1
AUS,Australia,Kalgoorlie (Parkeston),AUS0000188,110,-30.7378,121.5065,Gas,305.07,CAPACITY-FACTOR-V1
AUS,Australia,Kalgoorlie Nickel Smelter,AUS0000209,42,-30.8737,121.4842,Gas,116.48,CAPACITY-FACTOR-V1
AUS,Australia,Kambalda,AUS0000210,42,-31.1919,121.6741,Gas,116.48,CAPACITY-FACTOR-V1
AUS,Australia,Kangaroo Valley (Shoalhaven Scheme),AUS0000279,160,-34.723,150.4795,Hydro,360.88,HYDRO-V1
AUS,Australia,Karadoc Solar Farm,AUS0000448,112,-34.4154,142.2521,Solar,2.79,SOLAR-V1-NO-AGE
AUS,Australia,Kareeya,AUS0000161,88,-17.767,145.5779,Hydro,220.81,HYDRO-V1
AUS,Australia,Karratha,AUS0000189,86,-20.7626,116.8375,Gas,238.51,CAPACITY-FACTOR-V1
AUS,Australia,Katherine,AUS0000259,34.7,-14.4587,132.2445,Gas,96.23,CAPACITY-FACTOR-V1
AUS,Australia,Kemerton,AUS0000211,260.9,-33.1633,115.7805,Gas,723.58,CAPACITY-FACTOR-V1
AUS,Australia,Kiata Wind Farm,AUS0000506,31.05,-36.3966,141.7474,Wind,81.21,CAPACITY-FACTOR-V1
AUS,Australia,Kidston I,WKS0066503,50,-18.89,144.14,Solar,120.93,SOLAR-V1-NO-AGE
AUS,Australia,King Island (Currie),AUS0000449,8.55,-39.9388,143.892,Oil,16.51,CAPACITY-FACTOR-V1
AUS,Australia,Kogan Creek,AUS0000162,744,-26.9177,150.7493,Coal,4804.88,CAPACITY-FACTOR-V1
AUS,Australia,Koombooloomba,AUS0000055,7.3,-17.8313,145.6034,Hydro,21.28,HYDRO-V1
AUS,Australia,Kununurra,AUS0000370,12.4,-15.7796,128.7395,Oil,23.94,CAPACITY-FACTOR-V1
AUS,Australia,Kwinana,AUS0000194,21,-32.197,115.7759,Gas,58.24,CAPACITY-FACTOR-V1
AUS,Australia,Kwinana (Alcoa Refinery),AUS0000190,74.5,-32.1946,115.7797,Gas,206.62,CAPACITY-FACTOR-V1
AUS,Australia,Kwinana Cogeneration,AUS0000193,123,-32.2225,115.7661,Gas,341.13,CAPACITY-FACTOR-V1
AUS,Australia,Kwinana High Efficiency Gas Turbine Plant,AUS0000195,200,-32.1973,115.7754,Gas,554.68,CAPACITY-FACTOR-V1
AUS,Australia,Kwinana NewGen,AUS0000196,320,-32.202,115.7728,Gas,887.49,CAPACITY-FACTOR-V1
AUS,Australia,Kwinana Swift,AUS0000197,120,-32.2243,115.7783,Gas,332.81,CAPACITY-FACTOR-V1
AUS,Australia,Ladbroke Grove,AUS0000244,80,-37.4567,140.7827,Gas,221.87,CAPACITY-FACTOR-V1
AUS,Australia,Lake Bonney Stage 1 Wind Farm,AUS0000483,80.5,-37.7815,140.4058,Wind,210.56,CAPACITY-FACTOR-V1
AUS,Australia,Lake Bonney Stage 2 Wind Farm,AUS0000062,159,-37.8149,140.4195,Wind,415.88,CAPACITY-FACTOR-V1
AUS,Australia,Lake Bonney Stage 3 Wind Farm,AUS0000484,39,-37.7505,140.393,Wind,102.01,CAPACITY-FACTOR-V1
AUS,Australia,Lake Cargelligo CSP,WKS0071027,3,-33.311,146.4092,Solar,6.12,SOLAR-V1-NO-AGE
AUS,Australia,Lake Echo,AUS0000124,32.4,-42.2537,146.6207,Hydro,109.4,HYDRO-V1
AUS,Australia,Lake Glenmaggie,AUS0000086,4,-37.9047,146.8011,Hydro,14.83,HYDRO-V1
AUS,Australia,Lake Keepit,AUS0000304,6.5,-30.8792,150.4914,Hydro,20.57,HYDRO-V1
AUS,Australia,Lake William Hovell,AUS0000099,2,-36.9129,146.3921,Hydro,9.84,HYDRO-V1
AUS,Australia,Lakeland QLD,WKS0064540,10.9,-15.869,144.862,Solar,25.31,SOLAR-V1-NO-AGE
AUS,Australia,Landfill Management Services Shoal Bay,AUS0000252,1.1,-12.3892,130.9254,Waste,0,CAPACITY-FACTOR-V1
AUS,Australia,Laverton,AUS0000371,1.5,-28.6216,122.3965,Oil,2.89,CAPACITY-FACTOR-V1
AUS,Australia,Laverton (Granny Smith Gold Mine),AUS0000219,30.6,-28.8096,122.415,Oil,59.1,CAPACITY-FACTOR-V1
AUS,Australia,Laverton North,AUS0000090,312,-37.8416,144.7887,Gas,865.3,CAPACITY-FACTOR-V1
AUS,Australia,Leichhardt,AUS0000460,60,-20.7835,139.4864,Gas,166.4,CAPACITY-FACTOR-V1
AUS,Australia,Leinster Nickel Mine,AUS0000212,59,-27.8141,120.699,Gas,163.63,CAPACITY-FACTOR-V1
AUS,Australia,Lemonthyme,AUS0000132,81.6,-41.6038,146.139,Hydro,251.67,HYDRO-V1
AUS,Australia,Leonards Hill,AUS0000341,4.1,-37.4271,144.1222,Wind,10.72,CAPACITY-FACTOR-V1
AUS,Australia,Leonora,AUS0000409,4.43,-28.8811,121.3213,Gas,12.28,CAPACITY-FACTOR-V1
AUS,Australia,Liapootah,AUS0000123,87.3,-42.3763,146.5099,Hydro,294.93,HYDRO-V1
AUS,Australia,Liddell,AUS0000280,2200,-32.3713,150.9776,Coal,14207.99,CAPACITY-FACTOR-V1
AUS,Australia,Liddell Solar Thermal,AUS0000473,9.3,-32.3761,150.9797,Solar,20.1,SOLAR-V1-NO-AGE
AUS,Australia,Lilyvale Solar Farm,AUS0000582,100,-23.0875,148.439,Solar,248.6,SOLAR-V1-NO-AGE
AUS,Australia,Lincoln Gap,AUS0000620,10,-32.5645,137.5572,Wind,26.15,CAPACITY-FACTOR-V1
AUS,Australia,Longford,AUS0000091,31,-38.2236,147.1657,Gas,85.97,CAPACITY-FACTOR-V1
AUS,Australia,Lonsdale,AUS0000234,20,-35.1097,138.491,Oil,38.62,CAPACITY-FACTOR-V1
AUS,Australia,Lower Lake Margaret,AUS0000131,3.2,-42.0147,145.5261,Hydro,8.67,HYDRO-V1
AUS,Australia,Lower Rubicon,AUS0000338,13.55,-37.3027,145.8458,Hydro,45.05,HYDRO-V1
AUS,Australia,Loy Yang A,AUS0000092,2180,-38.2536,146.5746,Coal,14078.82,CAPACITY-FACTOR-V1
AUS,Australia,Loy Yang B,AUS0000075,1000,-38.2564,146.5864,Coal,6458.17,CAPACITY-FACTOR-V1
AUS,Australia,Lucas Heights I,AUS0000037,5.39,-34.0293,151.0021,Waste,0,CAPACITY-FACTOR-V1
AUS,Australia,Lucas Heights II,AUS0000036,16,-34.0481,150.9739,Waste,0,CAPACITY-FACTOR-V1
AUS,Australia,Macarthur Wind Farm,AUS0000417,420,-38.0648,142.1844,Wind,1098.57,CAPACITY-FACTOR-V1
AUS,Australia,Mackay,AUS0000146,30,-21.1446,149.1591,Gas,83.2,CAPACITY-FACTOR-V1
AUS,Australia,Mackintosh,AUS0000142,79.9,-41.6997,145.6461,Hydro,262.86,HYDRO-V1
AUS,Australia,Macknade Sugar Mill,AUS0000174,8,-18.589,146.258,Biomass,0,NO-ESTIMATION
AUS,Australia,Mandurah,AUS0000357,1.3,-32.5079,115.759,Waste,0,CAPACITY-FACTOR-V1
AUS,Australia,Manildra Solar Farm,AUS0000604,46,-33.1733,148.718,Solar,106.12,SOLAR-V1-NO-AGE
AUS,Australia,Marble Bar Diesel Backup,AUS0000365,1.28,-21.1649,119.7419,Oil,2.47,CAPACITY-FACTOR-V1
AUS,Australia,Maryborough,AUS0000346,7.5,-25.5476,152.7171,Biomass,0,NO-ESTIMATION
AUS,Australia,Maryvale Mill,AUS0000308,54.5,-38.1809,146.4479,Biomass,0,NO-ESTIMATION
AUS,Australia,McArthur River Mine,AUS0000424,78,-16.4335,136.0935,Gas,216.32,CAPACITY-FACTOR-V1
AUS,Australia,McKay Creek (Mount Beauty Hydro Scheme),AUS0000104,150,-36.8584,147.2345,Hydro,429.26,HYDRO-V1
AUS,Australia,Meadowbank,AUS0000122,40,-42.6112,146.8457,Hydro,145.13,HYDRO-V1
AUS,Australia,Meekatharra,AUS0000408,2.9,-26.5952,118.483,Oil,5.6,CAPACITY-FACTOR-V1
AUS,Australia,Melbourne,AUS0000333,1.2,-37.8086,144.9685,Gas,3.32,CAPACITY-FACTOR-V1
AUS,Australia,Merredin,AUS0000450,82,-31.5423,118.227,Gas,227.42,CAPACITY-FACTOR-V1
AUS,Australia,Mica Creek,AUS0000446,325,-20.7776,139.4906,Gas,901.36,CAPACITY-FACTOR-V1
AUS,Australia,Millmerran,AUS0000163,856,-27.9615,151.2789,Coal,5528.2,CAPACITY-FACTOR-V1
AUS,Australia,Mintaro,AUS0000249,90,-33.9031,138.7383,Gas,249.6,CAPACITY-FACTOR-V1
AUS,Australia,Moorabool North Wind Farm,AUS0000602,131,-37.655,144.1913,Wind,342.65,CAPACITY-FACTOR-V1
AUS,Australia,Moorabool South Wind Farm,AUS0000603,131,-37.7402,144.1622,Wind,342.65,CAPACITY-FACTOR-V1
AUS,Australia,Moranbah,AUS0000164,12.56,-21.9851,148.0246,Gas,34.83,CAPACITY-FACTOR-V1
AUS,Australia,Moranbah North,AUS0000054,45.7,-21.8967,147.9507,Gas,126.74,CAPACITY-FACTOR-V1
AUS,Australia,Moree,AUS0000491,60,-29.5722,149.8669,Solar,137.94,SOLAR-V1-NO-AGE
AUS,Australia,Mornington,AUS0000093,1,-38.3916,144.8553,Waste,0,CAPACITY-FACTOR-V1
AUS,Australia,Mortlake,AUS0000108,566,-38.0632,142.6675,Gas,1569.75,CAPACITY-FACTOR-V1
AUS,Australia,Mortons Lane Wind Farm,AUS0000492,20,-37.8413,142.4653,Wind,52.31,CAPACITY-FACTOR-V1
AUS,Australia,Mount Keith Nickel Mine,AUS0000213,112,-27.2146,120.548,Gas,310.62,CAPACITY-FACTOR-V1
AUS,Australia,Mount Magnet,AUS0000207,1.9,-28.0871,117.8327,Gas,5.26,CAPACITY-FACTOR-V1
AUS,Australia,Mount Millar Wind Farm,AUS0000061,70,-33.6255,136.7039,Wind,183.09,CAPACITY-FACTOR-V1
AUS,Australia,Mount Stuart,AUS0000165,423,-19.338,146.8512,Oil,816.97,CAPACITY-FACTOR-V1
AUS,Australia,Mt Gambier,AUS0000443,10,-37.8388,140.8057,Biomass,0,NO-ESTIMATION
AUS,Australia,Mt Gellibrand Wind Farm,AUS0000494,189,-38.2587,143.8019,Wind,494.35,CAPACITY-FACTOR-V1
AUS,Australia,Mt Mercer Wind Farm,AUS0000478,131,-37.8317,143.8892,Wind,342.65,CAPACITY-FACTOR-V1
AUS,Australia,Mt Piper,AUS0000281,1400,-33.3589,150.0313,Coal,9041.44,CAPACITY-FACTOR-V1
AUS,Australia,Mugga Lane,AUS0000034,3.5,-35.3953,149.1458,Waste,0,CAPACITY-FACTOR-V1
AUS,Australia,Mugga Lane Solar Park,AUS0000617,13,-35.3989,149.146,Solar,27.55,SOLAR-V1-NO-AGE
AUS,Australia,Muja C,AUS0000214,400,-33.446,116.3062,Coal,2583.27,CAPACITY-FACTOR-V1
AUS,Australia,Muja D,AUS0000215,454,-33.4464,116.3074,Coal,2932.01,CAPACITY-FACTOR-V1
AUS,Australia,Mulgrave,AUS0000375,13,-17.0932,145.7887,Biomass,0,NO-ESTIMATION
AUS,Australia,Mumbida Wind Farm,AUS0000475,55,-28.9918,114.9599,Wind,143.86,CAPACITY-FACTOR-V1
AUS,Australia,Mungarra,AUS0000216,112,-28.8893,115.1177,Gas,310.62,CAPACITY-FACTOR-V1
AUS,Australia,Mungullah,AUS0000387,18,-24.8911,113.7095,Gas,49.92,CAPACITY-FACTOR-V1
AUS,Australia,Munmorah,AUS0000282,600,-33.2117,151.5418,Coal,3874.9,CAPACITY-FACTOR-V1
AUS,Australia,Murra Warra Wind Farm,AUS0000610,429,-36.4333,142.3182,Wind,1122.11,CAPACITY-FACTOR-V1
AUS,Australia,Murray 1,AUS0000107,950,-36.2467,148.1901,Hydro,3518.51,HYDRO-V1
AUS,Australia,Murray 2,AUS0000106,552,-36.2423,148.1362,Hydro,1617.28,HYDRO-V1
AUS,Australia,Murrin Murrin (Nickel Mine),AUS0000223,78,-28.9238,121.3293,Gas,216.32,CAPACITY-FACTOR-V1
AUS,Australia,Musselroe,AUS0000420,168,-40.7798,148.0097,Wind,439.43,CAPACITY-FACTOR-V1
AUS,Australia,Narrogin Bioenergy Plant,AUS0000444,1,-32.9521,117.1916,Biomass,0,NO-ESTIMATION
AUS,Australia,Narromine,WKS0064625,15,-32.224,148.256,Solar,35.8,SOLAR-V1-NO-AGE
AUS,Australia,Neerabup,AUS0000198,330,-31.6712,115.8021,Gas,915.23,CAPACITY-FACTOR-V1
AUS,Australia,Newman Iron Ore Mine,AUS0000199,170,-23.3443,119.7086,Gas,471.48,CAPACITY-FACTOR-V1
AUS,Australia,Newport,AUS0000094,500,-37.8415,144.8942,Gas,1386.71,CAPACITY-FACTOR-V1
AUS,Australia,Nhulunbuy,AUS0000614,24,-12.1889,136.6872,Oil,46.35,CAPACITY-FACTOR-V1
AUS,Australia,Nieterana,AUS0000013,2.2,-42.2686,146.2629,Hydro,9.78,HYDRO-V1
AUS,Australia,Nine Network,AUS0000316,3.2,-33.811,151.1966,Oil,6.18,CAPACITY-FACTOR-V1
AUS,Australia,Noranda,AUS0000326,1.1,-31.8654,115.8773,Waste,0,CAPACITY-FACTOR-V1
AUS,Australia,Normanton,WKS0067635,4.5,-17.681,141.05,Solar,9.28,SOLAR-V1-NO-AGE
AUS,Australia,Norseman Mine,AUS0000320,9,-32.1963,121.7943,Oil,17.38,CAPACITY-FACTOR-V1
AUS,Australia,North Brown Hill  Wind Farm,AUS0000024,132.3,-33.3093,138.7296,Wind,346.05,CAPACITY-FACTOR-V1
AUS,Australia,North Sydney,AUS0000314,2.4,-33.8398,151.2069,Gas,6.65,CAPACITY-FACTOR-V1
AUS,Australia,Northam,WKS0069241,10,-31.652,116.711,Solar,19.29,SOLAR-V1-NO-AGE
AUS,Australia,Numurkah Solar Farm,AUS0000587,100,-36.1592,145.4746,Solar,185.29,SOLAR-V1-NO-AGE
AUS,Australia,Nymboida,AUS0000283,33.6,-29.9257,152.7417,Hydro,92.19,HYDRO-V1
AUS,Australia,Nyngan Solar Plant,AUS0000476,102,-31.5527,147.0854,Solar,248.11,SOLAR-V1-NO-AGE
AUS,Australia,Oakey,AUS0000166,282,-27.4183,151.6797,Gas,782.1,CAPACITY-FACTOR-V1
AUS,Australia,Oakey 1,WKS0070607,25,-27.406,151.647,Solar,59.49,SOLAR-V1-NO-AGE
AUS,Australia,Oakey 2,WKS0070608,55,-27.412,151.655,Solar,130.92,SOLAR-V1-NO-AGE
AUS,Australia,Oakland Hills Wind Farm,AUS0000016,67,-37.6871,142.5467,Wind,175.24,CAPACITY-FACTOR-V1
AUS,Australia,Oaky,AUS0000284,4.8,-30.5751,152.069,Hydro,13.36,HYDRO-V1
AUS,Australia,Oaky Creek,AUS0000167,20,-22.9878,148.5817,Gas,55.46,CAPACITY-FACTOR-V1
AUS,Australia,Onslow,AUS0000411,3.6,-21.6582,115.099,Gas,9.98,CAPACITY-FACTOR-V1
AUS,Australia,Ord River,AUS0000224,30,-16.1201,128.7383,Hydro,106.02,HYDRO-V1
AUS,Australia,Osborne,AUS0000235,180,-34.798,138.5079,Gas,499.21,CAPACITY-FACTOR-V1
AUS,Australia,Owen Springs,AUS0000255,36,-23.8636,133.8255,Gas,99.84,CAPACITY-FACTOR-V1
AUS,Australia,Paloona,AUS0000130,28,-41.2826,146.249,Hydro,96.94,HYDRO-V1
AUS,Australia,Paraburdoo,AUS0000229,155,-23.2233,117.6133,Gas,429.88,CAPACITY-FACTOR-V1
AUS,Australia,Paraburdoo (Standby),AUS0000228,20,-23.2238,117.6137,Gas,55.46,CAPACITY-FACTOR-V1
AUS,Australia,Parkes Solar Farm,AUS0000516,66,-33.1027,148.075,Solar,145.29,SOLAR-V1-NO-AGE
AUS,Australia,Pedler Creek,AUS0000236,3,-35.2023,138.5021,Waste,0,CAPACITY-FACTOR-V1
AUS,Australia,Pelican Point,AUS0000237,478,-34.765,138.5053,Gas,1325.69,CAPACITY-FACTOR-V1
AUS,Australia,Perth Zoo,AUS0000426,2.37,-31.9767,115.8548,Solar,4.64,SOLAR-V1-NO-AGE
AUS,Australia,Peterborough SA,WKS0071194,4.9,-32.945,138.905,Solar,9.8,SOLAR-V1-NO-AGE
AUS,Australia,Pindari,AUS0000012,6.7,-29.3886,151.2442,Hydro,24.35,HYDRO-V1
AUS,Australia,Pine Creek,AUS0000258,34.76,-13.7856,131.8624,Gas,96.4,CAPACITY-FACTOR-V1
AUS,Australia,Pinjar,AUS0000200,576,-31.5568,115.8204,Gas,1597.49,CAPACITY-FACTOR-V1
AUS,Australia,Pinjarra Bauxite Mine and Alumina Refinery,AUS0000201,280,-32.6473,115.9469,Gas,776.55,CAPACITY-FACTOR-V1
AUS,Australia,Pioneer Sugar Mill,AUS0000053,67.8,-19.5575,147.3308,Biomass,0,NO-ESTIMATION
AUS,Australia,Plane Creek Sugar Mill,AUS0000074,14,-21.4282,149.2159,Biomass,0,NO-ESTIMATION
AUS,Australia,Plutonic Gold Mine,AUS0000225,28,-25.311,119.4508,Gas,77.65,CAPACITY-FACTOR-V1
AUS,Australia,Poatina,AUS0000121,100,-41.8115,146.9192,Hydro,320.82,HYDRO-V1
AUS,Australia,Port Hedland,AUS0000206,126,-20.4283,118.5498,Gas,349.45,CAPACITY-FACTOR-V1
AUS,Australia,Port Hedland (Smaller),AUS0000325,84,-20.3782,118.5384,Gas,232.96,CAPACITY-FACTOR-V1
AUS,Australia,Port Lincoln,AUS0000238,73.5,-34.7003,135.8044,Oil,141.95,CAPACITY-FACTOR-V1
AUS,Australia,Port Stanvac,AUS0000345,57.6,-35.1104,138.4915,Oil,111.24,CAPACITY-FACTOR-V1
AUS,Australia,Proserpine Sugar Mill,AUS0000311,17,-20.3985,148.5797,Biomass,0,NO-ESTIMATION
AUS,Australia,Quarantine,AUS0000239,224,-34.7793,138.5224,Gas,621.24,CAPACITY-FACTOR-V1
AUS,Australia,Racecourse Mill,AUS0000493,3.5,-21.1635,149.1344,Biomass,0,NO-ESTIMATION
AUS,Australia,Ravensthorpe,AUS0000202,56,-33.61,120.36,Oil,108.15,CAPACITY-FACTOR-V1
AUS,Australia,Red Hill,AUS0000327,3.65,-31.8317,116.0992,Waste,0,CAPACITY-FACTOR-V1
AUS,Australia,Redbank,AUS0000285,150,-32.5802,151.0719,Coal,968.72,CAPACITY-FACTOR-V1
AUS,Australia,Reece,AUS0000141,238,-41.7238,145.1359,Hydro,591.1,HYDRO-V1
AUS,Australia,Remount,AUS0000115,2.2,-41.395,147.1554,Waste,0,CAPACITY-FACTOR-V1
AUS,Australia,Repulse,AUS0000120,28,-42.5077,146.647,Hydro,88.67,HYDRO-V1
AUS,Australia,Revesby Workers Club,AUS0000317,2.5,-33.9534,151.0137,Oil,4.82,CAPACITY-FACTOR-V1
AUS,Australia,Rochedale,AUS0000073,4,-27.5591,153.1236,Waste,0,CAPACITY-FACTOR-V1
AUS,Australia,Rockingham,AUS0000358,2.1,-32.2863,115.8154,Waste,0,CAPACITY-FACTOR-V1
AUS,Australia,Rocky Point Sugar Sugar Mill,AUS0000060,30,-27.7334,153.3276,Biomass,0,NO-ESTIMATION
AUS,Australia,Roghan Road,AUS0000072,2,-27.3388,153.0344,Waste,0,CAPACITY-FACTOR-V1
AUS,Australia,Rollingstone QLD,WKS0068501,125,-19.03,146.394,Solar,304.16,SOLAR-V1-NO-AGE
AUS,Australia,Roma,AUS0000147,80,-26.5772,148.8402,Gas,221.87,CAPACITY-FACTOR-V1
AUS,Australia,Ron Goodin,AUS0000254,44.6,-23.7091,133.8912,Gas,123.69,CAPACITY-FACTOR-V1
AUS,Australia,Ross River,WKS0068498,148,-19.424,146.715,Solar,360.49,SOLAR-V1-NO-AGE
AUS,Australia,Rowallan,AUS0000129,10.5,-41.7295,146.2176,Hydro,41.13,HYDRO-V1
AUS,Australia,Roy Hill,AUS0000490,6,-22.4812,119.9472,Oil,11.58,CAPACITY-FACTOR-V1
AUS,Australia,Royalla Solar Farm,AUS0000485,20,-35.4897,149.1435,Solar,42.82,SOLAR-V1-NO-AGE
AUS,Australia,Rubicon,AUS0000095,13.55,-37.3272,145.8605,Hydro,45.05,HYDRO-V1
AUS,Australia,Rugby Run Solar Farm,AUS0000618,65,-22.1405,147.9188,Solar,160.56,SOLAR-V1-NO-AGE
AUS,Australia,Sapphire Wind Farm,AUS0000607,270,-29.6997,151.4119,Wind,706.22,CAPACITY-FACTOR-V1
AUS,Australia,Savannah Nickel Mine,AUS0000407,10.8,-17.3631,128.0331,Oil,20.85,CAPACITY-FACTOR-V1
AUS,Australia,Shenton Park WMRC Project,AUS0000328,1,-31.9577,115.7924,Waste,0,CAPACITY-FACTOR-V1
AUS,Australia,Shepparton Biogas Generation Plant,AUS0000017,1.1,-36.3218,145.379,Waste,0,CAPACITY-FACTOR-V1
AUS,Australia,Smithfield Energy,AUS0000286,170.9,-33.85,150.9495,Gas,473.97,CAPACITY-FACTOR-V1
AUS,Australia,Snowtown North,AUS0000005,148,-33.714,138.1402,Wind,387.11,CAPACITY-FACTOR-V1
AUS,Australia,Snowtown South,AUS0000456,126,-33.8302,138.1184,Wind,329.57,CAPACITY-FACTOR-V1
AUS,Australia,Snuggery,AUS0000245,63,-37.6646,140.4156,Gas,174.72,CAPACITY-FACTOR-V1
AUS,Australia,Solomon Iron Ore Mine,AUS0000458,125,-22.1581,117.9849,Gas,346.67,CAPACITY-FACTOR-V1
AUS,Australia,Somerton,AUS0000096,160,-37.6318,144.9531,Gas,443.74,CAPACITY-FACTOR-V1
AUS,Australia,South Cardup (Shale Road Landfill),AUS0000359,3.3,-32.2664,116.0193,Waste,0,CAPACITY-FACTOR-V1
AUS,Australia,South Johnstone,AUS0000374,20,-17.6057,145.991,Biomass,0,NO-ESTIMATION
AUS,Australia,Springvale,AUS0000071,4.2,-37.9733,145.1396,Waste,0,CAPACITY-FACTOR-V1
AUS,Australia,St George Leagues Club,AUS0000318,1,-33.9748,151.1294,Oil,1.93,CAPACITY-FACTOR-V1
AUS,Australia,Stanwell,AUS0000168,1460,-23.5097,150.3195,Coal,9428.94,CAPACITY-FACTOR-V1
AUS,Australia,Stapylton Green Energy,AUS0000347,4.8,-27.7334,153.2463,Biomass,0,NO-ESTIMATION
AUS,Australia,Starfish Hill Wind Farm,AUS0000052,34.5,-35.5678,138.1432,Wind,90.24,CAPACITY-FACTOR-V1
AUS,Australia,Studland Bay (Woolnorth) Wind Farm,AUS0000010,75,-40.7788,144.7362,Wind,196.17,CAPACITY-FACTOR-V1
AUS,Australia,Summerhill,WKS0069943,5,-32.891,151.65,Solar,10.85,SOLAR-V1-NO-AGE
AUS,Australia,Summerhill,AUS0000033,2.2,-32.8885,151.643,Waste,0,CAPACITY-FACTOR-V1
AUS,Australia,Sun Metals Solar Farm,AUS0000623,124,-19.3355,146.8885,Solar,301.72,SOLAR-V1-NO-AGE
AUS,Australia,Suncoast Gold Macadamia,AUS0000059,1.5,-26.2261,152.6981,Biomass,0,NO-ESTIMATION
AUS,Australia,Sunraysia,WKS0069205,200,-34.804,143.491,Solar,424.56,SOLAR-V1-NO-AGE
AUS,Australia,Sunrise Dam,AUS0000226,28.4,-29.0927,122.4393,Gas,78.76,CAPACITY-FACTOR-V1
AUS,Australia,Susan River,WKS0068500,98,-25.32,152.405,Solar,242.9,SOLAR-V1-NO-AGE
AUS,Australia,Swan Hill,WKS0070787,19,-35.342,143.518,Solar,36.42,SOLAR-V1-NO-AGE
AUS,Australia,Swanbank E,AUS0000149,385,-27.6554,152.8179,Gas,1067.76,CAPACITY-FACTOR-V1
AUS,Australia,Symex Port Melbourne,AUS0000097,5.9,-37.8298,144.9444,Gas,16.36,CAPACITY-FACTOR-V1
AUS,Australia,Tableland,AUS0000373,7,-17.1193,145.345,Biomass,0,NO-ESTIMATION
AUS,Australia,Tahmoor,AUS0000287,7,-34.2482,150.5808,Gas,19.41,CAPACITY-FACTOR-V1
AUS,Australia,Tailem Bend Solar Farm,AUS0000599,95,-35.2708,139.4924,Solar,183.11,SOLAR-V1-NO-AGE
AUS,Australia,Tallawarra,AUS0000288,460,-34.5228,150.8081,Gas,1275.77,CAPACITY-FACTOR-V1
AUS,Australia,Tamala Park,AUS0000356,4.65,-31.7078,115.7266,Waste,0,CAPACITY-FACTOR-V1
AUS,Australia,Tamar Valley,AUS0000138,390,-41.1401,146.9036,Gas,1081.63,CAPACITY-FACTOR-V1
AUS,Australia,Taralga Wind Farm,AUS0000594,107,-34.4314,149.8652,Wind,279.87,CAPACITY-FACTOR-V1
AUS,Australia,Tarong,AUS0000171,1400,-26.7824,151.9153,Coal,9041.44,CAPACITY-FACTOR-V1
AUS,Australia,Tarong (Oil),AUS0000169,15,-26.7858,151.9172,Oil,28.97,CAPACITY-FACTOR-V1
AUS,Australia,Tarong North,AUS0000170,443,-26.7758,151.9146,Coal,2860.97,CAPACITY-FACTOR-V1
AUS,Australia,Tarraleah,AUS0000119,90,-42.3012,146.4572,Hydro,304.06,HYDRO-V1
AUS,Australia,Tatura Biogas Generation Plant,AUS0000018,1.1,-36.4793,145.235,Waste,0,CAPACITY-FACTOR-V1
AUS,Australia,Tea Tree Gully,AUS0000344,1,-34.8303,138.7129,Waste,0,CAPACITY-FACTOR-V1
AUS,Australia,Telfer Gold Mine,AUS0000230,159,-21.7129,122.2091,Gas,440.97,CAPACITY-FACTOR-V1
AUS,Australia,Tennant Creek,AUS0000253,16.7,-19.6549,134.1753,Gas,46.31,CAPACITY-FACTOR-V1
AUS,Australia,Teralba,AUS0000289,3,-32.9455,151.6119,Gas,8.32,CAPACITY-FACTOR-V1
AUS,Australia,Terminal Storage,AUS0000058,2.5,-34.8393,138.7112,Hydro,8.02,HYDRO-V1
AUS,Australia,The Drop,AUS0000011,3,-35.6043,145.7837,Hydro,8.34,HYDRO-V1
AUS,Australia,Ti Tree Bioenergy,AUS0000070,3.3,-27.6802,152.6593,Waste,0,CAPACITY-FACTOR-V1
AUS,Australia,Timber Creek,AUS0000486,1,-15.6562,130.479,Oil,1.93,CAPACITY-FACTOR-V1
AUS,Australia,Tods Corner,AUS0000118,1.7,-41.9707,146.7938,Hydro,5.58,HYDRO-V1
AUS,Australia,Tomago Aluminium Smelter,AUS0000290,810,-32.8217,151.7178,Gas,2246.47,CAPACITY-FACTOR-V1
AUS,Australia,Toora Wind Farm,AUS0000069,21,-38.6451,146.3441,Wind,54.92,CAPACITY-FACTOR-V1
AUS,Australia,Torrens Island A,AUS0000240,480,-34.8068,138.5213,Gas,1331.24,CAPACITY-FACTOR-V1
AUS,Australia,Torrens Island B,AUS0000241,800,-34.8052,138.5226,Gas,2218.74,CAPACITY-FACTOR-V1
AUS,Australia,Tower Mine,AUS0000291,41.2,-34.2207,150.7179,Gas,114.26,CAPACITY-FACTOR-V1
AUS,Australia,Townsville,AUS0000172,220,-19.2011,146.6187,Gas,610.15,CAPACITY-FACTOR-V1
AUS,Australia,Traralgon Network Support Station,AUS0000481,10,-38.1793,146.5654,Waste,0,CAPACITY-FACTOR-V1
AUS,Australia,Trevallyn,AUS0000032,80,-41.4226,147.1119,Hydro,277.87,HYDRO-V1
AUS,Australia,Tribute,AUS0000128,82.8,-41.8129,145.6538,Hydro,271.83,HYDRO-V1
AUS,Australia,Tully Sugar Mill,AUS0000310,21.4,-17.9373,145.9267,Biomass,0,NO-ESTIMATION
AUS,Australia,Tumut 1 (Upper Tumut),AUS0000292,616,-35.9517,148.3637,Hydro,1845.84,HYDRO-V1
AUS,Australia,Tumut 2 (Upper Tumut),AUS0000293,336,-35.8814,148.3672,Hydro,873.51,HYDRO-V1
AUS,Australia,Tumut 3,AUS0000031,1500,-35.6112,148.2917,Hydro,5544.09,HYDRO-V1
AUS,Australia,Tungatinah,AUS0000117,125,-42.2967,146.4565,Hydro,359.65,HYDRO-V1
AUS,Australia,University of Queensland (St Lucia Campus) Solar Array,AUS0000425,1.2,-27.495,153.0101,Solar,1.93,SOLAR-V1-NO-AGE
AUS,Australia,Upper Lake Margaret,AUS0000133,8.4,-42.0046,145.5437,Hydro,25.89,HYDRO-V1
AUS,Australia,Uranquinty,AUS0000294,664,-35.1794,147.2157,Gas,1841.55,CAPACITY-FACTOR-V1
AUS,Australia,Uterne Solar,AUS0000470,1,-23.7685,133.8682,Solar,1.78,SOLAR-V1-NO-AGE
AUS,Australia,Valdora,WKS0065425,15,-26.56,153.025,Solar,36.33,SOLAR-V1-NO-AGE
AUS,Australia,Vales Point B,AUS0000295,1360,-33.1607,151.5431,Coal,8783.12,CAPACITY-FACTOR-V1
AUS,Australia,Valley (Peaking Facility),AUS0000098,300,-38.2536,146.5892,Gas,832.02,CAPACITY-FACTOR-V1
AUS,Australia,Victoria Sugar Mill,AUS0000175,24,-18.6508,146.2016,Biomass,0,NO-ESTIMATION
AUS,Australia,Visy Paper Gibson Island,AUS0000445,2,-27.4405,153.1158,Biomass,0,NO-ESTIMATION
AUS,Australia,Visy Pulp and Paper Tumut,AUS0000274,20,-35.2959,148.1371,Biomass,0,NO-ESTIMATION
AUS,Australia,Wadeye,AUS0000480,6.8,-14.2602,129.5368,Gas,18.85,CAPACITY-FACTOR-V1
AUS,Australia,Wagerup,AUS0000204,380,-32.916,115.9186,Gas,1053.9,CAPACITY-FACTOR-V1
AUS,Australia,Wagerup Bauxite Mine and Alumina Refinery,AUS0000203,98,-32.9145,115.917,Gas,271.79,CAPACITY-FACTOR-V1
AUS,Australia,Walkaway Wind Farm,AUS0000002,90,-28.9229,114.9282,Wind,235.4,CAPACITY-FACTOR-V1
AUS,Australia,Wallerawang C,AUS0000296,500,-33.4028,150.0833,Coal,3229.08,CAPACITY-FACTOR-V1
AUS,Australia,Warmun,AUS0000369,1.3,-17.0259,128.2113,Oil,2.51,CAPACITY-FACTOR-V1
AUS,Australia,Warragamba,AUS0000297,50,-33.8832,150.5965,Hydro,162.06,HYDRO-V1
AUS,Australia,Warrego,AUS0000262,19,-19.4434,133.8236,Gas,52.69,CAPACITY-FACTOR-V1
AUS,Australia,Waterloo Wind Farm,AUS0000050,111,-34.001,138.9109,Wind,290.33,CAPACITY-FACTOR-V1
AUS,Australia,Wattle Point Wind Farm,AUS0000004,90.75,-35.1104,137.7058,Wind,237.37,CAPACITY-FACTOR-V1
AUS,Australia,Waubra Wind Farm,AUS0000019,192,-37.3575,143.6037,Wind,502.2,CAPACITY-FACTOR-V1
AUS,Australia,Wayatinah,AUS0000116,38.3,-42.4272,146.5347,Hydro,121.29,HYDRO-V1
AUS,Australia,Weddell,AUS0000260,86,-12.5771,130.9502,Gas,238.51,CAPACITY-FACTOR-V1
AUS,Australia,Wemen Solar Farm,AUS0000609,110,-34.8027,142.5457,Solar,226.67,SOLAR-V1-NO-AGE
AUS,Australia,West Angelas Mine,AUS0000451,86,-23.1546,118.7245,Gas,238.51,CAPACITY-FACTOR-V1
AUS,Australia,West Illawarra Leagues Club,AUS0000298,1,-34.4515,150.8429,Oil,1.93,CAPACITY-FACTOR-V1
AUS,Australia,West Kalgoorlie,AUS0000205,60,-30.7806,121.4234,Oil,115.88,CAPACITY-FACTOR-V1
AUS,Australia,West Kiewa (Mount Beauty Hydro Scheme),AUS0000105,62,-36.7601,147.186,Hydro,203.61,HYDRO-V1
AUS,Australia,West Nowra (Shoalhaven),AUS0000030,1,-34.882,150.5515,Waste,0,CAPACITY-FACTOR-V1
AUS,Australia,Western Suburbs Leagues Club (Campbelltown),AUS0000299,1,-34.0513,150.8329,Oil,1.93,CAPACITY-FACTOR-V1
AUS,Australia,White Rock,WKS0068286,20,-29.765,151.553,Solar,44.13,SOLAR-V1-NO-AGE
AUS,Australia,Whitsunday Solar Farm,AUS0000533,69,-20.4949,147.7481,Solar,172.21,SOLAR-V1-NO-AGE
AUS,Australia,Whitwood Road,AUS0000068,1,-27.659,152.8237,Waste,0,CAPACITY-FACTOR-V1
AUS,Australia,Whyalla SSE,WKS0071501,6,-33.007,137.558,Solar,13.36,SOLAR-V1-NO-AGE
AUS,Australia,Wilga Park,AUS0000302,16,-30.3634,149.6772,Gas,44.37,CAPACITY-FACTOR-V1
AUS,Australia,Williamsdale,WKS0062560,7,-35.571,149.128,Solar,13.92,SOLAR-V1-NO-AGE
AUS,Australia,Wilmot,AUS0000140,81.6,-41.4833,146.1251,Hydro,283.11,HYDRO-V1
AUS,Australia,Wilpena Solar Farm,AUS0000447,145,-31.5234,138.6198,Solar,349.5,SOLAR-V1-NO-AGE
AUS,Australia,Wiluna,AUS0000384,1.3,-26.5922,120.2185,Oil,2.51,CAPACITY-FACTOR-V1
AUS,Australia,Wiluna Gold Mine,AUS0000227,21,-26.6316,120.2519,Gas,58.24,CAPACITY-FACTOR-V1
AUS,Australia,Windimurra Vanadium Mine,AUS0000322,23.7,-28.2933,118.5371,Gas,65.73,CAPACITY-FACTOR-V1
AUS,Australia,Windy Hill Wind Farm,AUS0000051,12,-17.5922,145.5306,Wind,31.38,CAPACITY-FACTOR-V1
AUS,Australia,Wingfield I,AUS0000242,5,-34.8348,138.5572,Waste,0,CAPACITY-FACTOR-V1
AUS,Australia,Wingfield II,AUS0000243,5,-34.8321,138.5489,Waste,0,CAPACITY-FACTOR-V1
AUS,Australia,Wivenhoe,AUS0000057,4.7,-27.3952,152.6092,Hydro,15.73,HYDRO-V1
AUS,Australia,Wivenhoe Hydroelectric,AUS0000150,500,-27.3722,152.632,Hydro,1468.52,HYDRO-V1
AUS,Australia,Wodgina,AUS0000406,13.7,-21.1739,118.6747,Gas,37.99,CAPACITY-FACTOR-V1
AUS,Australia,Wollert,AUS0000067,6.738,-37.583,145.0487,Waste,0,CAPACITY-FACTOR-V1
AUS,Australia,Wonthaggi Wind Farm,AUS0000001,12,-38.6037,145.5462,Wind,31.38,CAPACITY-FACTOR-V1
AUS,Australia,Woodlawn Bioreactor,AUS0000029,7,-35.059,149.5769,Waste,0,CAPACITY-FACTOR-V1
AUS,Australia,Woodlawn Wind Farm,AUS0000028,48,-35.0861,149.5716,Wind,125.55,CAPACITY-FACTOR-V1
AUS,Australia,Woodman Point,AUS0000354,1.8,-32.1424,115.7713,Waste,0,CAPACITY-FACTOR-V1
AUS,Australia,Worsley,AUS0000389,120,-33.2355,116.0688,Coal,774.98,CAPACITY-FACTOR-V1
AUS,Australia,Worsley Cogeneration,AUS0000217,106,-33.2365,116.0637,Gas,293.98,CAPACITY-FACTOR-V1
AUS,Australia,Wyangala A,AUS0000026,20,-33.981,148.9473,Hydro,59.24,HYDRO-V1
AUS,Australia,Wyndham,AUS0000066,1,-37.9375,144.5902,Waste,0,CAPACITY-FACTOR-V1
AUS,Australia,Xstata X41,AUS0000624,30,-20.7437,139.4803,Gas,83.2,CAPACITY-FACTOR-V1
AUS,Australia,Yallourn,AUS0000100,1480,-38.177,146.3428,Coal,9558.1,CAPACITY-FACTOR-V1
AUS,Australia,Yaloak South Wind Farm,AUS0000519,131,-37.7281,144.2408,Wind,342.65,CAPACITY-FACTOR-V1
AUS,Australia,Yambuk Wind Farm,AUS0000020,30,-38.3079,142.0151,Wind,78.46,CAPACITY-FACTOR-V1
AUS,Australia,Yarrawonga,AUS0000101,9,-36.0094,145.9995,Hydro,41.56,HYDRO-V1
AUS,Australia,Yarwun,AUS0000173,154,-23.8306,151.1519,Gas,427.1,CAPACITY-FACTOR-V1
AUS,Australia,Yatpool,WKS0072835,81,-34.407,142.179,Solar,171.53,SOLAR-V1-NO-AGE
AUS,Australia,Yulara,AUS0000257,10.95,-25.2323,130.9912,Gas,30.36,CAPACITY-FACTOR-V1
AUS,Australia,Yurralyi Maya (Karratha Seven Mile),AUS0000218,180,-20.762,116.742,Gas,499.21,CAPACITY-FACTOR-V1
AUT,Austria,Abwinden-Asten,WRI1005149,168,48.248,14.4305,Hydro,942.57,HYDRO-V1
AUT,Austria,Altenmarkt,WRI1005150,26,46.7667,15.55,Hydro,75.33,HYDRO-V1
AUT,Austria,Arnstein,WRI1005153,30,47.0167,15.1667,Hydro,84.33,HYDRO-V1
AUT,Austria,Aschach,WRI1005154,287,48.3853,14.023,Hydro,1116.03,HYDRO-V1
AUT,Austria,Bischofshofen,WRI1005155,16,47.407,13.2205,Hydro,62.62,HYDRO-V1
AUT,Austria,Braunau-Simbach,WRI1005159,100,48.244,13.006,Hydro,409.24,HYDRO-V1
AUT,Austria,Dionysen,WRI1005160,16,47.4167,15.2833,Hydro,53.39,HYDRO-V1
AUT,Austria,Donaustadt,WRI1019146,395,48.2,16.4633,Gas,1183.9,CAPACITY-FACTOR-V1
AUT,Austria,Ering-Frauenstein,WRI1005164,72,48.2194,13.16,Hydro,183.63,HYDRO-V1
AUT,Austria,Erzbach,WRI1005165,1,47.6,14.7333,Hydro,4.17,HYDRO-V1
AUT,Austria,Feistritz-Ludmannsdorf,WRI1005166,88,46.5347,14.1712,Hydro,281.63,HYDRO-V1
AUT,Austria,Feldkirchen,WRI1019130,38,46.8638,13.3355,Hydro,114.43,HYDRO-V1
AUT,Austria,Ferlach Maria Rain,WRI1005167,75,46.5462,14.2985,Hydro,240.03,HYDRO-V1
AUT,Austria,Fisching,WRI1005168,22,47.1667,14.7333,Hydro,73.05,HYDRO-V1
AUT,Austria,Freudenau Danube,WRI1019128,172,48.1764,16.4811,Hydro,958.69,HYDRO-V1
AUT,Austria,Friesach,WRI1005169,12,47.1667,15.3333,Hydro,50.77,HYDRO-V1
AUT,Austria,Funsingau,WRI1005170,25,47.2354,12.0583,Hydro,70.27,HYDRO-V1
AUT,Austria,Gabersdorf,WRI1005171,14,46.7772,15.5842,Hydro,60.23,HYDRO-V1
AUT,Austria,Gaming,WRI1019129,14,48.1766,16.4813,Hydro,71.72,HYDRO-V1
AUT,Austria,Gerlos,WRI1005174,200,47.2342,11.8997,Hydro,504.55,HYDRO-V1
AUT,Austria,Gratkorn,WRI1005177,11,47.1333,15.35,Hydro,46.54,HYDRO-V1
AUT,Austria,Greifenstein,WRI1005179,293,48.3553,16.2424,Hydro,1575.69,HYDRO-V1
AUT,Austria,Hieflau,WRI1005185,63,47.6,14.7333,Hydro,195.69,HYDRO-V1
AUT,Austria,Hieflau-Erzbach,WRI1005186,1,47.6,14.7333,Hydro,4.17,HYDRO-V1
AUT,Austria,Jochenstein,WRI1005188,132,48.5184,13.7076,Hydro,562.24,HYDRO-V1
AUT,Austria,KW Amlach,WRI1005900,60,46.8142,12.7618,Hydro,157.69,HYDRO-V1
AUT,Austria,KW Imst,WRI1005905,89,47.2122,10.7215,Hydro,262.67,HYDRO-V1
AUT,Austria,KW Jenbach,WRI1005907,79,47.3932,11.7886,Hydro,245.39,HYDRO-V1
AUT,Austria,KW Kaunertal,WRI1005908,392,47.0678,10.6652,Hydro,961.14,HYDRO-V1
AUT,Austria,KW Kühtai,WRI1005910,289,47.2078,11.0057,Hydro,560.15,HYDRO-V1
AUT,Austria,KW Silz,WRI1005914,500,47.2696,10.9678,Hydro,1280.29,HYDRO-V1
AUT,Austria,Kaprun Limberg II,WRI1005191,480,47.1985,12.7223,Hydro,1049.52,HYDRO-V1
AUT,Austria,Kaprun Oberstufe,WRI1005192,113,47.1968,12.7192,Hydro,342.16,HYDRO-V1
AUT,Austria,Kaprun main stage,WRI1005190,240,47.2591,12.7389,Hydro,537.34,HYDRO-V1
AUT,Austria,Kellerberg,WRI1005193,25,46.67,13.6886,Hydro,83.76,HYDRO-V1
AUT,Austria,Klammsee,WRI1005194,1,47.2591,12.7389,Hydro,3.66,HYDRO-V1
AUT,Austria,Klaus,WRI1005195,20,47.8314,14.1572,Hydro,55.37,HYDRO-V1
AUT,Austria,Kopswerk II,WRI1019153,525,46.975,10.043,Hydro,1033.52,HYDRO-V1
AUT,Austria,Kreuzbergmaut,WRI1005197,18,47.4412,13.2108,Hydro,70.45,HYDRO-V1
AUT,Austria,Kreuzeck days storage,WRI1005198,45,46.8727,13.3117,Hydro,135.84,HYDRO-V1
AUT,Austria,Krippau,WRI1005199,30,47.6833,14.7,Hydro,98.99,HYDRO-V1
AUT,Austria,Landl,WRI1005200,25,47.65,14.7167,Hydro,93.39,HYDRO-V1
AUT,Austria,Laufnitzdorf,WRI1005201,18,47.3,15.3167,Hydro,77.43,HYDRO-V1
AUT,Austria,Lebring,WRI1005203,20,46.8522,15.5383,Hydro,77.91,HYDRO-V1
AUT,Austria,Leoben,WRI1005204,10,47.3833,15.1,Hydro,37.75,HYDRO-V1
AUT,Austria,Losenstein,WRI1005205,39,47.9243,14.4367,Hydro,129.5,HYDRO-V1
AUT,Austria,Low Tuxbach - Small power plant Stillupp,WRI1005256,2,47.1485,11.8225,Hydro,5.79,HYDRO-V1
AUT,Austria,Lünerseewerk,WRI1019155,280,47.074,9.874,Hydro,635.67,HYDRO-V1
AUT,Austria,Malta Secondary school,WRI1005207,120,47.0659,13.3539,Hydro,286.4,HYDRO-V1
AUT,Austria,Malta main stage,WRI1005206,730,47.0659,13.3539,Hydro,2144.89,HYDRO-V1
AUT,Austria,Mandling,WRI1005209,6,47.4,13.5667,Hydro,20.33,HYDRO-V1
AUT,Austria,Mayrhofen,WRI1005210,355,47.1581,11.8501,Hydro,621.65,HYDRO-V1
AUT,Austria,Melk,WRI1005211,187,48.2232,15.3042,Hydro,1042.3,HYDRO-V1
AUT,Austria,Mellach run power plant,WRI1005212,16,46.8833,15.5167,Hydro,68.83,HYDRO-V1
AUT,Austria,Neuötting,WRI1019132,26.1,40.1247,-8.7751,Hydro,71.98,HYDRO-V1
AUT,Austria,Niklai,WRI1005215,2,46.8167,13.3167,Hydro,7.39,HYDRO-V1
AUT,Austria,Nussdorf near Vienna,WRI1005216,5,47.2167,14.4833,Hydro,17.65,HYDRO-V1
AUT,Austria,Oberaudorf Ebbs,WRI1005217,60,47.6413,12.1989,Hydro,192.76,HYDRO-V1
AUT,Austria,Obervermuntwerk,WRI1019156,30,46.9271,10.0539,Hydro,81.44,HYDRO-V1
AUT,Austria,Obervogau,WRI1005218,13,46.745,15.5847,Hydro,58.8,HYDRO-V1
AUT,Austria,Ottensheim-Wilhering,WRI1005219,179,48.3166,14.1512,Hydro,762.43,HYDRO-V1
AUT,Austria,Passau-Ingling,WRI1005221,86,48.5536,13.4371,Hydro,351.95,HYDRO-V1
AUT,Austria,Paternion,WRI1005222,24,46.7209,13.6453,Hydro,80.77,HYDRO-V1
AUT,Austria,Peggau,WRI1005223,13,47.2,15.35,Hydro,55.92,HYDRO-V1
AUT,Austria,Pernegg,WRI1005224,22,47.3598,15.3424,Hydro,84.39,HYDRO-V1
AUT,Austria,Pichlern,WRI1005225,2,47.65,13.6667,Hydro,7.05,HYDRO-V1
AUT,Austria,Rabenstein,WRI1005227,14,47.35,13.6833,Hydro,34.25,HYDRO-V1
AUT,Austria,Retznei,WRI1005231,1,46.7333,15.5667,Hydro,4.51,HYDRO-V1
AUT,Austria,Rodundwerk I,WRI1019158,198,47.085,9.8813,Hydro,517.86,HYDRO-V1
AUT,Austria,Rodundwerk II,WRI1019159,295,47.0847,9.8744,Hydro,669.72,HYDRO-V1
AUT,Austria,Rosegg-St. James,WRI1005232,80,46.5696,14.0268,Hydro,256.03,HYDRO-V1
AUT,Austria,Rosenau,WRI1005233,34,48.489,14.6288,Hydro,91.92,HYDRO-V1
AUT,Austria,Schonau,WRI1005238,30,48.3946,14.7302,Hydro,83.63,HYDRO-V1
AUT,Austria,Schwabeck,WRI1005239,79,46.658,14.8726,Hydro,312.88,HYDRO-V1
AUT,Austria,Schwarzach,WRI1005240,120,47.3152,13.1389,Hydro,328.56,HYDRO-V1
AUT,Austria,Simmering,WRI1019147,1272,48.1815,16.4334,Gas,3812.47,CAPACITY-FACTOR-V1
AUT,Austria,St. Georgen,WRI1005243,6,47.5333,14.3667,Hydro,13.5,HYDRO-V1
AUT,Austria,St. Johann,WRI1005244,16,47.3386,13.1974,Hydro,60.65,HYDRO-V1
AUT,Austria,St. Martin,WRI1005245,10,47.4467,15.2849,Hydro,31.6,HYDRO-V1
AUT,Austria,St. Pantaleon,WRI1005246,52,48.0076,12.8942,Hydro,186.87,HYDRO-V1
AUT,Austria,St. Veit,WRI1005247,16,47.3214,13.1744,Hydro,60.65,HYDRO-V1
AUT,Austria,Staning,WRI1005248,43,48.1007,14.4568,Hydro,138.14,HYDRO-V1
AUT,Austria,Steinfeld,WRI1005249,1,46.7656,13.2717,Hydro,3.74,HYDRO-V1
AUT,Austria,Ternberg,WRI1005253,40,47.9333,14.35,Hydro,132.82,HYDRO-V1
AUT,Austria,Timelkam,WRI1019163,400,48.0122,13.5895,Gas,1198.89,CAPACITY-FACTOR-V1
AUT,Austria,Triebenbach,WRI1005254,10,47.5,14.4667,Hydro,24.66,HYDRO-V1
AUT,Austria,Tuxbach,WRI1005255,1,47.1485,11.8225,Hydro,2.61,HYDRO-V1
AUT,Austria,Urreiting,WRI1005257,16,47.3749,13.2101,Hydro,62.62,HYDRO-V1
AUT,Austria,Vermuntwerk,WRI1019160,157,46.9684,10.0599,Hydro,373.04,HYDRO-V1
AUT,Austria,Vienna-Freudenau,WRI1005267,172,48.1766,16.4814,Hydro,958.69,HYDRO-V1
AUT,Austria,Villach,WRI1005258,25,46.6329,13.8294,Hydro,83.76,HYDRO-V1
AUT,Austria,Walgauwerk,WRI1019161,86,47.192,9.6815,Hydro,260.66,HYDRO-V1
AUT,Austria,Wallnerau Salzach stage,WRI1005260,13,47.316,13.141,Hydro,49.28,HYDRO-V1
AUT,Austria,Wallnerau underwater stage,WRI1005261,5,47.3833,12.6,Hydro,17.53,HYDRO-V1
AUT,Austria,Wallsee-Mitterkirchen,WRI1005262,210,48.1666,14.6953,Hydro,1170.49,HYDRO-V1
AUT,Austria,Weissenegg,WRI1005264,1,46.8167,15.8667,Hydro,2.61,HYDRO-V1
AUT,Austria,Werfen-Pfarrwerfen,WRI1005265,16,47.4698,13.1945,Hydro,62.62,HYDRO-V1
AUT,Austria,Weyer,WRI1005266,37,48.1465,14.1176,Hydro,122.09,HYDRO-V1
AUT,Austria,Wind Park Bruck an der Leitha,WRI1005268,9,48.0338,16.7264,Wind,13.24,WIND-V1
AUT,Austria,Wind Park Hollern II,WRI1005270,37,48.09,16.844,Wind,107.26,WIND-V1
AUT,Austria,Wind Park Petronell-Carnuntum II,WRI1005271,21,48.09,16.844,Wind,47.82,CAPACITY-FACTOR-V1
AUT,Austria,Windpark Bruck-Göttlesbrunn,WRI1005269,21,48.095,16.89,Wind,70.84,WIND-V1
AUT,Austria,Ybbs-Persenbeug,WRI1018682,236,48.1892,15.0682,Hydro,1282.81,HYDRO-V1
AZE,Azerbaijan,Astara ES,WRI1002178,87,38.456,48.875,Gas,665.51,CAPACITY-FACTOR-V1
AZE,Azerbaijan,Azerbaijan TPP,WRI1002179,2400,40.78,46.9901,Oil,1260.9,CAPACITY-FACTOR-V1
AZE,Azerbaijan,Baku ES,WRI1002181,105,40.3734,49.9192,Gas,803.21,CAPACITY-FACTOR-V1
AZE,Azerbaijan,Baku TEC,WRI1002182,107,40.3734,49.9192,Gas,818.51,CAPACITY-FACTOR-V1
AZE,Azerbaijan,Gusar,WRI1002186,1,41.3979,48.3308,Hydro,2.38,HYDRO-V1
AZE,Azerbaijan,Janub,WRI1002188,780,39.8943,48.9173,Gas,5966.72,CAPACITY-FACTOR-V1
AZE,Azerbaijan,Khachmaz ES,WRI1002189,87,41.4635,48.806,Gas,665.51,CAPACITY-FACTOR-V1
AZE,Azerbaijan,Mingechevir,WRI1002190,402,40.79,47.0287,Hydro,984.99,HYDRO-V1
AZE,Azerbaijan,Sangachal ES,WRI1002192,299,40.1794,49.47,Gas,2287.24,CAPACITY-FACTOR-V1
AZE,Azerbaijan,Shamkir,WRI1002197,405,40.9487,46.168,Hydro,814.65,HYDRO-V1
AZE,Azerbaijan,Shimal,WRI1002198,400,40.4995,50.2077,Gas,3059.85,CAPACITY-FACTOR-V1
AZE,Azerbaijan,Sumqayit,WRI1002199,525,40.6036,49.6332,Gas,4016.06,CAPACITY-FACTOR-V1
AZE,Azerbaijan,Varvara,WRI1002201,16,40.6837,47.0926,Hydro,72.58,HYDRO-V1
AZE,Azerbaijan,Yenikend,WRI1002203,150,40.9193,46.2829,Hydro,334.99,HYDRO-V1
BHR,Bahrain,Al Dur Power and Water,WRI1023714,1540,25.9714,50.6076,Gas,9961.79,CAPACITY-FACTOR-V1
BHR,Bahrain,Al Ezzel Power Station,WRI1023713,962,26.2175,50.6595,Gas,6222.88,CAPACITY-FACTOR-V1
BHR,Bahrain,Alba Power Station,WRI1023718,2204,26.0945,50.6008,Gas,14257.01,CAPACITY-FACTOR-V1
BHR,Bahrain,Awali,WKS0063150,5,26.1,50.58,Solar,9.76,SOLAR-V1-NO-AGE
BHR,Bahrain,Hawar Power ad Water Station,WRI1023716,7.3,26.1981,50.5919,Oil,0.04,CAPACITY-FACTOR-V1
BHR,Bahrain,Hidd Power and Water station 1,WRI1023712,963,26.2223,50.6621,Gas,6229.35,CAPACITY-FACTOR-V1
BHR,Bahrain,Rifa'a Power Station,WRI1023715,700,26.1199,50.5889,Gas,4528.09,CAPACITY-FACTOR-V1
BHR,Bahrain,Sitra Power an Water Station,WRI1023717,1205,26.1833,50.6237,Gas,7794.78,CAPACITY-FACTOR-V1
BGD,Bangladesh,Amnura,WRI1029201,50,24.6301,88.4006,Oil,157.27,CAPACITY-FACTOR-V1
BGD,Bangladesh,Ashuganj (Aggreko),WRI1029202,1649,24.0426,91.0158,Gas,10893.54,CAPACITY-FACTOR-V1
BGD,Bangladesh,Baghabari GT 1,WRI1029203,223,24.1361,89.5933,Gas,1473.17,CAPACITY-FACTOR-V1
BGD,Bangladesh,Barabkunda (Regent),WRI1029204,22,22.5713,91.6841,Oil,69.2,CAPACITY-FACTOR-V1
BGD,Bangladesh,Barishal GT-unit-1 2,WRI1029205,40,22.6588,90.3373,Gas,264.24,CAPACITY-FACTOR-V1
BGD,Bangladesh,Barupukuria ST 1,WRI1029206,250,25.5502,88.9527,Coal,902.32,CAPACITY-FACTOR-V1
BGD,Bangladesh,Bera Peaking,WRI1029207,71,24.0895,89.6176,Oil,223.33,CAPACITY-FACTOR-V1
BGD,Bangladesh,Bheramara GT (Unit-1 2 3),WRI1029208,560,24.0487,89.0173,Oil,1761.51,CAPACITY-FACTOR-V1
BGD,Bangladesh,Bhola CCPP GT-1 2 ST,WRI1029209,227,22.4786,90.7101,Gas,1499.59,CAPACITY-FACTOR-V1
BGD,Bangladesh,Bogra GBB,WRI1029210,42,24.8408,89.3506,Gas,277.45,CAPACITY-FACTOR-V1
BGD,Bangladesh,CLCPC Keranigonj,WRI1029214,100,23.6473,90.3473,Oil,314.55,CAPACITY-FACTOR-V1
BGD,Bangladesh,Chittagong Roazan,WRI1029213,553,22.457,91.9784,Gas,3653.2,CAPACITY-FACTOR-V1
BGD,Bangladesh,Faridpur,WRI1029216,54,23.6183,89.7733,Oil,169.86,CAPACITY-FACTOR-V1
BGD,Bangladesh,Fenchuganj (Barakatullah),WRI1029217,296,24.6863,91.9189,Gas,1955.42,CAPACITY-FACTOR-V1
BGD,Bangladesh,Feni (Doreen),WRI1029267,33,23.9186,90.6926,Gas,218,CAPACITY-FACTOR-V1
BGD,Bangladesh,Ghorasal ST :Unit-3,WRI1029220,861,23.9797,90.637,Gas,5687.89,CAPACITY-FACTOR-V1
BGD,Bangladesh,Gopalganj,WKS0070913,5,26.585,84.145,Solar,9.28,SOLAR-V1-NO-AGE
BGD,Bangladesh,Gopalganj Peaking,WRI1029221,109,23.9797,90.637,Oil,342.86,CAPACITY-FACTOR-V1
BGD,Bangladesh,Hathazari,WRI1029222,98,22.4918,91.8051,Oil,308.26,CAPACITY-FACTOR-V1
BGD,Bangladesh,Hobiganj (Confidence-EP),WRI1029223,11,24.2639,91.379,Gas,72.66,CAPACITY-FACTOR-V1
BGD,Bangladesh,Horippur Power CCPP,WRI1029224,946,23.6839,90.5314,Gas,6249.42,CAPACITY-FACTOR-V1
BGD,Bangladesh,Jamalpur RPP,WRI1029225,95,24.9103,89.9607,Oil,298.82,CAPACITY-FACTOR-V1
BGD,Bangladesh,Jangalia (Summit),WRI1029226,85,23.4289,91.17,Gas,561.52,CAPACITY-FACTOR-V1
BGD,Bangladesh,Jhulda,WRI1029227,100,22.2972,91.8062,Oil,314.55,CAPACITY-FACTOR-V1
BGD,Bangladesh,Kaptai Hydro:Unit-1 2 3 4 5,WRI1029228,230,22.495,92.216,Hydro,945.31,HYDRO-V1
BGD,Bangladesh,Karanigonj (Powerpac),WRI1029229,100,23.6783,90.4295,Oil,314.55,CAPACITY-FACTOR-V1
BGD,Bangladesh,Katakhali (Peaking),WRI1029230,100,24.366,88.6763,Oil,314.55,CAPACITY-FACTOR-V1
BGD,Bangladesh,Kathpotti 52 mw,WRI1029231,52,23.5699,90.4804,Oil,163.56,CAPACITY-FACTOR-V1
BGD,Bangladesh,Khulna (KPCL-2),WRI1029232,510,22.8646,89.5357,Gas,3369.13,CAPACITY-FACTOR-V1
BGD,Bangladesh,Kodda Gajipur,WRI1029233,149,23.9904,90.3429,Oil,468.68,CAPACITY-FACTOR-V1
BGD,Bangladesh,Madanganj (Summit),WRI1029234,157,23.59,90.5153,Oil,493.85,CAPACITY-FACTOR-V1
BGD,Bangladesh,Meghnaghat CCPP,WRI1029236,855,23.6112,90.6007,Gas,5648.26,CAPACITY-FACTOR-V1
BGD,Bangladesh,Mymensingh,WRI1029244,210,24.7611,90.4193,Gas,1387.29,CAPACITY-FACTOR-V1
BGD,Bangladesh,Narshingdi (Doreen),WRI1029237,22,23.9186,90.6926,Oil,69.2,CAPACITY-FACTOR-V1
BGD,Bangladesh,Noapara (khanjahan ali),WRI1029238,40,22.3602,91.7812,Oil,125.82,CAPACITY-FACTOR-V1
BGD,Bangladesh,Northen 55 MW,WRI1029239,55,23.8094,90.2433,Oil,173,CAPACITY-FACTOR-V1
BGD,Bangladesh,Pagla (DPA),WRI1029240,50,23.6584,90.4584,Oil,157.27,CAPACITY-FACTOR-V1
BGD,Bangladesh,Patenga 50 MW,WRI1029241,50,22.2385,91.8129,Oil,157.27,CAPACITY-FACTOR-V1
BGD,Bangladesh,Rangpur GT,WRI1029243,20,25.7233,89.2432,Oil,62.91,CAPACITY-FACTOR-V1
BGD,Bangladesh,Santahar Peaking,WRI1029245,50,24.7972,88.9839,Oil,157.27,CAPACITY-FACTOR-V1
BGD,Bangladesh,Shahjibazar 330 MW,WRI1029247,536,24.2532,91.3751,Gas,3540.89,CAPACITY-FACTOR-V1
BGD,Bangladesh,Shiddirganj ST,WRI1029248,210,23.6846,90.517,Gas,1387.29,CAPACITY-FACTOR-V1
BGD,Bangladesh,Shikalbaha Peaking (GT),WRI1029249,261,22.3227,91.8651,Oil,820.99,CAPACITY-FACTOR-V1
BGD,Bangladesh,Siddhirganj (Dutch Bangla),WRI1029250,520,24.3884,89.7436,Gas,3435.2,CAPACITY-FACTOR-V1
BGD,Bangladesh,Siddirgonj (Desh),WRI1029251,96,23.6825,90.5252,Oil,301.97,CAPACITY-FACTOR-V1
BGD,Bangladesh,Summit Barisal 110MW,WRI1029253,110,22.659,90.3364,Gas,726.67,CAPACITY-FACTOR-V1
BGD,Bangladesh,Summit Bibiana-2,WRI1029254,341,24.6358,91.6587,Gas,2252.69,CAPACITY-FACTOR-V1
BGD,Bangladesh,Summit Power  Comilla,WRI1029257,25,23.44,91.1869,Gas,165.15,CAPACITY-FACTOR-V1
BGD,Bangladesh,Summit Power  Maona,WRI1029258,33,24.2276,90.4201,Gas,218,CAPACITY-FACTOR-V1
BGD,Bangladesh,Summit Power (Madhabdi+Ashulia),WRI1029255,80,23.8901,90.0323,Gas,528.49,CAPACITY-FACTOR-V1
BGD,Bangladesh,Summit Power Rupgonj,WRI1029256,33,23.755,90.5496,Gas,218,CAPACITY-FACTOR-V1
BGD,Bangladesh,Sylhet (Energyprima),WRI1029260,222,24.9096,91.83,Gas,1466.56,CAPACITY-FACTOR-V1
